Year,Period,labor force participation rate,employment-population ratio,labor force,employment,unemployment,unemployment rate
1976,Jan,60.8,55.5,481330,439744,41586,8.6
1976,Feb,60.5,55.3,481103,439486,41617,8.7
1976,Mar,60.3,55.1,481308,439624,41684,8.7
1976,Apr,60.3,55.1,482739,441037,41702,8.6
1976,May,60.3,55.1,484676,443026,41650,8.6
1976,Jun,60.3,55.2,487022,445278,41744,8.6
1976,Jul,60.4,55.2,489256,447267,41989,8.6
1976,Aug,60.4,55.2,491177,448792,42385,8.6
1976,Sep,60.5,55.2,493080,450077,43003,8.7
1976,Oct,60.5,55.2,495215,451379,43836,8.9
1976,Nov,60.7,55.2,497601,452921,44680,9.0
1976,Dec,60.8,55.3,500021,454863,45158,9.0
1977,Jan,60.9,55.4,502346,457333,45013,9.0
1977,Feb,60.9,55.6,504635,460311,44324,8.8
1977,Mar,61.1,55.8,506851,463479,43372,8.6
1977,Apr,61.1,56.0,508830,466544,42286,8.3
1977,May,61.1,56.2,510353,469244,41109,8.1
1977,Jun,61.0,56.3,511473,471568,39905,7.8
1977,Jul,61.0,56.4,512607,473724,38883,7.6
1977,Aug,61.0,56.5,513950,475953,37997,7.4
1977,Sep,61.0,56.6,515382,478359,37023,7.2
1977,Oct,61.0,56.8,516682,480850,35832,6.9
1977,Nov,61.0,56.9,517854,483363,34491,6.7
1977,Dec,61.0,57.1,519107,485758,33349,6.4
1978,Jan,61.0,57.1,520554,487990,32564,6.3
1978,Feb,61.0,57.3,522145,490061,32084,6.1
1978,Mar,61.1,57.4,523955,492089,31866,6.1
1978,Apr,61.2,57.5,526156,494191,31965,6.1
1978,May,61.3,57.5,528659,496363,32296,6.1
1978,Jun,61.4,57.6,531120,498481,32639,6.1
1978,Jul,61.5,57.7,533222,500334,32888,6.2
1978,Aug,61.5,57.7,534913,501870,33043,6.2
1978,Sep,61.5,57.7,536376,503145,33231,6.2
1978,Oct,61.5,57.6,537946,504344,33602,6.2
1978,Nov,61.5,57.6,539748,505526,34222,6.3
1978,Dec,61.5,57.6,541509,506585,34924,6.4
1979,Jan,61.6,57.5,543064,507529,35535,6.5
1979,Feb,61.5,57.5,544420,508483,35937,6.6
1979,Mar,61.5,57.4,545588,509509,36079,6.6
1979,Apr,61.4,57.4,546647,510580,36067,6.6
1979,May,61.4,57.4,547923,511835,36088,6.6
1979,Jun,61.4,57.4,549553,513285,36268,6.6
1979,Jul,61.5,57.4,551580,514984,36596,6.6
1979,Aug,61.6,57.5,553869,516799,37070,6.7
1979,Sep,61.6,57.5,556077,518496,37581,6.8
1979,Oct,61.7,57.5,557777,519923,37854,6.8
1979,Nov,61.7,57.5,558885,521017,37868,6.8
1979,Dec,61.6,57.5,559613,521743,37870,6.8
1980,Jan,61.5,57.3,560084,521904,38180,6.8
1980,Feb,61.4,57.1,560384,521447,38937,6.9
1980,Mar,61.3,56.9,560624,520597,40027,7.1
1980,Apr,61.2,56.7,560903,519672,41231,7.4
1980,May,61.1,56.5,561335,518937,42398,7.6
1980,Jun,61.0,56.3,562090,518632,43458,7.7
1980,Jul,61.0,56.2,563124,518818,44306,7.9
1980,Aug,61.1,56.2,564432,519535,44897,8.0
1980,Sep,61.1,56.2,566008,520762,45246,8.0
1980,Oct,61.2,56.3,567782,522297,45485,8.0
1980,Nov,61.3,56.4,569661,524099,45562,8.0
1980,Dec,61.3,56.5,571637,526345,45292,7.9
1981,Jan,61.4,56.6,573650,528961,44689,7.8
1981,Feb,61.5,56.8,575452,531575,43877,7.6
1981,Mar,61.5,56.9,576868,533860,43008,7.5
1981,Apr,61.5,57.0,577678,535572,42106,7.3
1981,May,61.4,57.0,577753,536576,41177,7.1
1981,Jun,61.2,57.0,577415,537073,40342,7.0
1981,Jul,61.1,56.9,577134,537341,39793,6.9
1981,Aug,61.0,56.8,577306,537609,39697,6.9
1981,Sep,60.9,56.7,578175,538077,40098,6.9
1981,Oct,61.0,56.7,579744,538842,40902,7.1
1981,Nov,61.0,56.6,581600,539650,41950,7.2
1981,Dec,61.1,56.6,583554,540286,43268,7.4
1982,Jan,61.2,56.5,585568,540794,44774,7.6
1982,Feb,61.3,56.4,587703,541265,46438,7.9
1982,Mar,61.4,56.4,590008,541716,48292,8.2
1982,Apr,61.5,56.3,592590,542280,50310,8.5
1982,May,61.7,56.3,595384,543032,52352,8.8
1982,Jun,61.8,56.2,598017,543843,54174,9.1
1982,Jul,61.9,56.2,600195,544571,55624,9.3
1982,Aug,62.0,56.1,601785,545078,56707,9.4
1982,Sep,62.0,56.0,602919,545222,57697,9.6
1982,Oct,61.9,55.9,603899,544958,58941,9.8
1982,Nov,61.9,55.7,604940,544466,60474,10.0
1982,Dec,61.9,55.6,605884,543895,61989,10.2
1983,Jan,61.8,55.4,606716,543506,63210,10.4
1983,Feb,61.8,55.3,607687,543783,63904,10.5
1983,Mar,61.8,55.3,608929,545009,63920,10.5
1983,Apr,61.8,55.4,610479,547161,63318,10.4
1983,May,61.8,55.6,612252,549974,62278,10.2
1983,Jun,61.9,55.7,614059,553007,61052,9.9
1983,Jul,61.9,55.9,615663,555853,59810,9.7
1983,Aug,61.9,56.0,616790,558230,58560,9.5
1983,Sep,61.9,56.2,617280,560135,57145,9.3
1983,Oct,61.8,56.2,617264,561824,55440,9.0
1983,Nov,61.7,56.4,617210,563594,53616,8.7
1983,Dec,61.6,56.5,617577,565698,51879,8.4
1984,Jan,61.7,56.7,618468,568279,50189,8.1
1984,Feb,61.7,56.8,619717,571137,48580,7.8
1984,Mar,61.7,57.0,621150,573931,47219,7.6
1984,Apr,61.8,57.2,622714,576398,46316,7.4
1984,May,61.8,57.3,624464,578420,46044,7.4
1984,Jun,62.0,57.4,626328,579988,46340,7.4
1984,Jul,62.0,57.4,628220,581175,47045,7.5
1984,Aug,62.1,57.4,630152,582112,48040,7.6
1984,Sep,62.3,57.4,632117,582955,49162,7.8
1984,Oct,62.4,57.5,634134,583932,50202,7.9
1984,Nov,62.6,57.5,636285,585254,51031,8.0
1984,Dec,62.7,57.7,638645,586902,51743,8.1
1985,Jan,62.9,57.8,641150,588591,52559,8.2
1985,Feb,63.0,57.8,643613,590011,53602,8.3
1985,Mar,63.2,57.8,645654,590947,54707,8.5
1985,Apr,63.2,57.8,647005,591389,55616,8.6
1985,May,63.3,57.8,647795,591558,56237,8.7
1985,Jun,63.3,57.7,648486,591881,56605,8.7
1985,Jul,63.3,57.8,649517,592734,56783,8.7
1985,Aug,63.3,57.8,651126,594397,56729,8.7
1985,Sep,63.3,57.8,653272,596749,56523,8.7
1985,Oct,63.4,58.0,655679,599259,56420,8.6
1985,Nov,63.4,58.0,657940,601357,56583,8.6
1985,Dec,63.4,58.0,659719,602705,57014,8.6
1986,Jan,63.4,57.8,661004,603279,57725,8.7
1986,Feb,63.4,57.7,662087,603391,58696,8.9
1986,Mar,63.3,57.6,663371,603538,59833,9.0
1986,Apr,63.3,57.5,665056,604057,60999,9.2
1986,May,63.3,57.4,666940,605007,61933,9.3
1986,Jun,63.3,57.4,668818,606296,62522,9.3
1986,Jul,63.3,57.4,670537,607725,62812,9.4
1986,Aug,63.4,57.5,672010,609036,62974,9.4
1986,Sep,63.4,57.4,673155,609999,63156,9.4
1986,Oct,63.4,57.4,673919,610609,63310,9.4
1986,Nov,63.4,57.4,674287,610879,63408,9.4
1986,Dec,63.3,57.4,674454,611065,63389,9.4
1987,Jan,63.2,57.3,674533,611367,63166,9.4
1987,Feb,63.2,57.3,674449,611818,62631,9.3
1987,Mar,63.1,57.3,674374,612468,61906,9.2
1987,Apr,63.0,57.3,674472,613303,61169,9.1
1987,May,62.9,57.3,674805,614289,60516,9.0
1987,Jun,62.9,57.3,675360,615294,60066,8.9
1987,Jul,62.9,57.4,676018,616195,59823,8.8
1987,Aug,62.9,57.4,676655,616983,59672,8.8
1987,Sep,63.0,57.4,677347,617901,59446,8.8
1987,Oct,63.0,57.5,678131,619046,59085,8.7
1987,Nov,63.1,57.6,679053,620517,58536,8.6
1987,Dec,63.1,57.7,680023,622154,57869,8.5
1988,Jan,63.1,57.8,680904,623779,57125,8.4
1988,Feb,63.1,57.9,681698,625396,56302,8.3
1988,Mar,63.1,58.0,682285,626848,55437,8.1
1988,Apr,63.1,58.1,682650,628114,54536,8.0
1988,May,63.1,58.2,682903,629275,53628,7.9
1988,Jun,63.1,58.2,683054,630464,52590,7.7
1988,Jul,63.0,58.3,683206,631817,51389,7.5
1988,Aug,63.0,58.4,683479,633268,50211,7.3
1988,Sep,63.0,58.4,683888,634720,49168,7.2
1988,Oct,63.0,58.5,684393,636164,48229,7.0
1988,Nov,62.9,58.6,684894,637567,47327,6.9
1988,Dec,62.9,58.7,685370,638932,46438,6.8
1989,Jan,62.9,58.7,685955,640290,45665,6.7
1989,Feb,62.9,58.8,686705,641508,45197,6.6
1989,Mar,63.0,58.9,687679,642652,45027,6.5
1989,Apr,63.0,58.9,688878,643749,45129,6.6
1989,May,63.1,58.9,690375,644817,45558,6.6
1989,Jun,63.2,59.0,692270,645916,46354,6.7
1989,Jul,63.4,59.0,694389,647048,47341,6.8
1989,Aug,63.5,59.1,696571,648404,48167,6.9
1989,Sep,63.6,59.2,698665,650042,48623,7.0
1989,Oct,63.7,59.3,700607,651945,48662,6.9
1989,Nov,63.9,59.5,702376,654017,48359,6.9
1989,Dec,63.9,59.6,704004,656119,47885,6.8
1990,Jan,63.3,59.1,705521,658230,47291,6.7
1990,Feb,63.4,59.3,706913,660282,46631,6.6
1990,Mar,63.5,59.4,708181,662110,46071,6.5
1990,Apr,63.6,59.5,709332,663588,45744,6.4
1990,May,63.6,59.6,710315,664653,45662,6.4
1990,Jun,63.7,59.6,711050,665233,45817,6.4
1990,Jul,63.8,59.6,711771,665442,46329,6.5
1990,Aug,63.7,59.5,712534,665330,47204,6.6
1990,Sep,63.6,59.3,713229,664963,48266,6.8
1990,Oct,63.6,59.2,713953,664534,49419,6.9
1990,Nov,63.6,59.1,714843,664294,50549,7.1
1990,Dec,63.6,59.0,715952,664381,51571,7.2
1991,Jan,63.5,58.9,717150,664673,52477,7.3
1991,Feb,63.6,58.9,718453,665220,53233,7.4
1991,Mar,63.6,58.8,719761,666047,53714,7.5
1991,Apr,63.6,58.9,720983,667153,53830,7.5
1991,May,63.6,58.9,722150,668589,53561,7.4
1991,Jun,63.6,58.9,723180,670221,52959,7.3
1991,Jul,63.6,59.0,723874,671761,52113,7.2
1991,Aug,63.5,59.0,724363,673050,51313,7.1
1991,Sep,63.4,58.9,725070,674050,51020,7.0
1991,Oct,63.3,58.8,726006,674697,51309,7.1
1991,Nov,63.3,58.8,727146,675134,52012,7.2
1991,Dec,63.3,58.7,728381,675579,52802,7.2
1992,Jan,63.3,58.7,729765,676272,53493,7.3
1992,Feb,63.3,58.7,731343,677317,54026,7.4
1992,Mar,63.4,58.7,733004,678704,54300,7.4
1992,Apr,63.4,58.7,734621,680250,54371,7.4
1992,May,63.4,58.7,735912,681635,54277,7.4
1992,Jun,63.3,58.7,736935,682843,54092,7.3
1992,Jul,63.3,58.7,737953,683983,53970,7.3
1992,Aug,63.3,58.7,738955,685049,53906,7.3
1992,Sep,63.2,58.6,739788,686027,53761,7.3
1992,Oct,63.2,58.6,740667,687037,53630,7.2
1992,Nov,63.2,58.6,741740,688050,53690,7.2
1992,Dec,63.2,58.6,743088,689128,53960,7.3
1993,Jan,63.2,58.6,744832,690420,54412,7.3
1993,Feb,63.2,58.6,746858,691930,54928,7.4
1993,Mar,63.3,58.6,749152,693644,55508,7.4
1993,Apr,63.4,58.7,751607,695586,56021,7.5
1993,May,63.5,58.7,754143,697747,56396,7.5
1993,Jun,63.6,58.8,756598,700025,56573,7.5
1993,Jul,63.6,58.9,758645,702294,56351,7.4
1993,Aug,63.6,58.9,760403,704640,55763,7.3
1993,Sep,63.6,59.1,762153,707193,54960,7.2
1993,Oct,63.6,59.1,763947,709874,54073,7.1
1993,Nov,63.6,59.2,765725,712498,53227,7.0
1993,Dec,63.6,59.2,767480,714972,52508,6.8
1994,Jan,63.6,59.3,769069,717210,51859,6.7
1994,Feb,63.6,59.4,770404,719181,51223,6.6
1994,Mar,63.5,59.3,771623,720970,50653,6.6
1994,Apr,63.5,59.3,772926,722688,50238,6.5
1994,May,63.5,59.4,774483,724400,50083,6.5
1994,Jun,63.5,59.4,776397,726184,50213,6.5
1994,Jul,63.5,59.4,778774,728165,50609,6.5
1994,Aug,63.6,59.4,781435,730328,51107,6.5
1994,Sep,63.7,59.5,784099,732638,51461,6.6
1994,Oct,63.7,59.6,786576,735108,51468,6.5
1994,Nov,63.8,59.7,788793,737665,51128,6.5
1994,Dec,63.8,59.7,790561,739934,50627,6.4
1995,Jan,63.8,59.8,791726,741565,50161,6.3
1995,Feb,63.7,59.7,792396,742473,49923,6.3
1995,Mar,63.7,59.6,792707,742722,49985,6.3
1995,Apr,63.5,59.5,792917,742589,50328,6.3
1995,May,63.4,59.4,793427,742517,50910,6.4
1995,Jun,63.4,59.3,794488,742803,51685,6.5
1995,Jul,63.4,59.2,796082,743481,52601,6.6
1995,Aug,63.4,59.1,797984,744317,53667,6.7
1995,Sep,63.5,59.1,799993,745053,54940,6.9
1995,Oct,63.5,59.0,801852,745533,56319,7.0
1995,Nov,63.5,59.0,803390,745760,57630,7.2
1995,Dec,63.5,58.9,804742,745872,58870,7.3
1996,Jan,63.5,58.8,806062,746110,59952,7.4
1996,Feb,63.5,58.7,807463,746653,60810,7.5
1996,Mar,63.5,58.7,809027,747559,61468,7.6
1996,Apr,63.5,58.7,810622,748733,61889,7.6
1996,May,63.5,58.7,812089,750061,62028,7.6
1996,Jun,63.5,58.6,813414,751457,61957,7.6
1996,Jul,63.5,58.6,814642,752859,61783,7.6
1996,Aug,63.5,58.7,815732,754244,61488,7.5
1996,Sep,63.4,58.7,816424,755401,61023,7.5
1996,Oct,63.4,58.7,816644,756165,60479,7.4
1996,Nov,63.3,58.7,816530,756660,59870,7.3
1996,Dec,63.2,58.7,816265,757185,59080,7.2
1997,Jan,63.2,58.7,816099,757945,58154,7.1
1997,Feb,63.1,58.7,816243,759096,57147,7.0
1997,Mar,63.1,58.8,816796,760818,55978,6.9
1997,Apr,63.1,58.9,817833,763046,54787,6.7
1997,May,63.2,59.0,819104,765460,53644,6.5
1997,Jun,63.2,59.1,820235,767768,52467,6.4
1997,Jul,63.2,59.2,821130,769841,51289,6.2
1997,Aug,63.2,59.3,821983,771623,50360,6.1
1997,Sep,63.1,59.3,823016,773201,49815,6.1
1997,Oct,63.2,59.4,824404,774643,49761,6.0
1997,Nov,63.2,59.4,826069,775943,50126,6.1
1997,Dec,63.3,59.4,827901,777187,50714,6.1
1998,Jan,63.4,59.4,829816,778427,51389,6.2
1998,Feb,63.4,59.5,831656,779668,51988,6.3
1998,Mar,63.5,59.5,833183,780761,52422,6.3
1998,Apr,63.5,59.5,834336,781674,52662,6.3
1998,May,63.5,59.5,835215,782420,52795,6.3
1998,Jun,63.5,59.5,835866,782940,52926,6.3
1998,Jul,63.5,59.4,836235,783246,52989,6.3
1998,Aug,63.4,59.4,836343,783544,52799,6.3
1998,Sep,63.3,59.4,836342,784008,52334,6.3
1998,Oct,63.3,59.4,836227,784640,51587,6.2
1998,Nov,63.2,59.4,836007,785295,50712,6.1
1998,Dec,63.1,59.4,835665,785769,49896,6.0
1999,Jan,63.0,59.3,835220,786064,49156,5.9
1999,Feb,63.0,59.3,834812,786249,48563,5.8
1999,Mar,62.9,59.3,834610,786458,48152,5.8
1999,Apr,62.9,59.3,834702,786819,47883,5.7
1999,May,62.8,59.2,835056,787385,47671,5.7
1999,Jun,62.9,59.3,835662,788224,47438,5.7
1999,Jul,62.9,59.3,836443,789240,47203,5.6
1999,Aug,62.9,59.3,837193,790312,46881,5.6
1999,Sep,62.8,59.3,837804,791429,46375,5.5
1999,Oct,62.8,59.4,838349,792664,45685,5.4
1999,Nov,62.8,59.4,839001,794160,44841,5.3
1999,Dec,62.8,59.5,839882,795885,43997,5.2
2000,Jan,62.8,59.6,840962,797626,43336,5.2
2000,Feb,62.8,59.6,841996,799168,42828,5.1
2000,Mar,62.9,59.7,842924,800378,42546,5.0
2000,Apr,63.0,59.8,843697,801234,42463,5.0
2000,May,63.0,59.8,844321,801837,42484,5.0
2000,Jun,63.0,59.8,844893,802325,42568,5.0
2000,Jul,63.0,59.9,845568,802979,42589,5.0
2000,Aug,63.1,59.9,846626,804094,42532,5.0
2000,Sep,63.1,60.0,848142,805684,42458,5.0
2000,Oct,63.2,60.1,850024,807634,42390,5.0
2000,Nov,63.3,60.2,852051,809637,42414,5.0
2000,Dec,63.4,60.3,853878,811370,42508,5.0
2001,Jan,63.5,60.3,855167,812599,42568,5.0
2001,Feb,63.5,60.3,855877,813304,42573,5.0
2001,Mar,63.4,60.3,855891,813531,42360,4.9
2001,Apr,63.4,60.3,855246,813398,41848,4.9
2001,May,63.3,60.2,854379,813146,41233,4.8
2001,Jun,63.2,60.1,853680,812903,40777,4.8
2001,Jul,63.1,60.1,853430,812686,40744,4.8
2001,Aug,63.0,60.0,853568,812324,41244,4.8
2001,Sep,63.0,59.9,854044,811848,42196,4.9
2001,Oct,62.9,59.7,854889,811497,43392,5.1
2001,Nov,62.9,59.7,855957,811413,44544,5.2
2001,Dec,63.0,59.6,857233,811765,45468,5.3
2002,Jan,63.0,59.6,858753,812611,46142,5.4
2002,Feb,63.0,59.6,860419,813759,46660,5.4
2002,Mar,63.1,59.6,862173,815014,47159,5.5
2002,Apr,63.2,59.7,864036,816381,47655,5.5
2002,May,63.2,59.7,865839,817847,47992,5.5
2002,Jun,63.2,59.7,867430,819377,48053,5.5
2002,Jul,63.2,59.8,868654,820771,47883,5.5
2002,Aug,63.2,59.8,869625,821972,47653,5.5
2002,Sep,63.2,59.8,870467,822944,47523,5.5
2002,Oct,63.2,59.7,871124,823547,47577,5.5
2002,Nov,63.1,59.7,871788,823924,47864,5.5
2002,Dec,63.1,59.6,872538,824239,48299,5.5
2003,Jan,63.1,59.6,873471,824651,48820,5.6
2003,Feb,63.1,59.6,874696,825275,49421,5.7
2003,Mar,63.2,59.6,876127,826028,50099,5.7
2003,Apr,63.2,59.6,877542,826643,50899,5.8
2003,May,63.2,59.5,878786,826965,51821,5.9
2003,Jun,63.3,59.5,879944,827182,52762,6.0
2003,Jul,63.3,59.4,881050,827585,53465,6.1
2003,Aug,63.2,59.4,882066,828296,53770,6.1
2003,Sep,63.2,59.4,882966,829357,53609,6.1
2003,Oct,63.2,59.4,883848,830729,53119,6.0
2003,Nov,63.2,59.4,884742,832222,52520,5.9
2003,Dec,63.2,59.5,885581,833627,51954,5.9
2004,Jan,63.1,59.5,886226,834760,51466,5.8
2004,Feb,63.1,59.5,886622,835637,50985,5.8
2004,Mar,63.1,59.5,886992,836494,50498,5.7
2004,Apr,63.0,59.5,887415,837413,50002,5.6
2004,May,63.0,59.5,887934,838443,49491,5.6
2004,Jun,62.9,59.5,888605,839647,48958,5.5
2004,Jul,62.9,59.5,889518,841032,48486,5.5
2004,Aug,62.9,59.5,890739,842556,48183,5.4
2004,Sep,62.9,59.5,892264,844107,48157,5.4
2004,Oct,63.0,59.5,893977,845498,48479,5.4
2004,Nov,63.0,59.5,895749,846736,49013,5.5
2004,Dec,63.0,59.6,897593,847970,49623,5.5
2005,Jan,63.1,59.6,899441,849333,50108,5.6
2005,Feb,63.1,59.6,901136,850853,50283,5.6
2005,Mar,63.2,59.7,902610,852612,49998,5.5
2005,Apr,63.2,59.7,903984,854724,49260,5.4
2005,May,63.2,59.8,905359,857085,48274,5.3
2005,Jun,63.2,59.9,906611,859291,47320,5.2
2005,Jul,63.2,59.9,907701,861045,46656,5.1
2005,Aug,63.1,59.9,908444,862259,46185,5.1
2005,Sep,63.1,59.9,908796,863101,45695,5.0
2005,Oct,62.9,59.8,908872,863955,44917,4.9
2005,Nov,62.8,59.7,908755,865005,43750,4.8
2005,Dec,62.6,59.7,908570,866249,42321,4.7
2006,Jan,62.6,59.8,908699,867820,40879,4.5
2006,Feb,62.5,59.8,909312,869623,39689,4.4
2006,Mar,62.5,59.9,910354,871364,38990,4.3
2006,Apr,62.6,59.9,911689,872848,38841,4.3
2006,May,62.6,59.9,913119,874072,39047,4.3
2006,Jun,62.6,59.9,914427,875099,39328,4.3
2006,Jul,62.6,59.9,915559,876198,39361,4.3
2006,Aug,62.6,59.9,916599,877554,39045,4.3
2006,Sep,62.6,60.0,917536,879114,38422,4.2
2006,Oct,62.6,60.0,918338,880849,37489,4.1
2006,Nov,62.5,60.0,919054,882644,36410,4.0
2006,Dec,62.5,60.1,919560,884218,35342,3.8
2007,Jan,62.4,60.1,919697,885300,34397,3.7
2007,Feb,62.3,60.0,919575,885908,33667,3.7
2007,Mar,62.2,60.0,919257,886141,33116,3.6
2007,Apr,62.1,59.9,918787,886126,32661,3.6
2007,May,62.0,59.9,918348,886059,32289,3.5
2007,Jun,61.9,59.8,918178,886182,31996,3.5
2007,Jul,61.9,59.7,918496,886585,31911,3.5
2007,Aug,61.9,59.7,919483,887348,32135,3.5
2007,Sep,61.9,59.8,921102,888518,32584,3.5
2007,Oct,62.0,59.8,923117,889896,33221,3.6
2007,Nov,62.1,59.8,925216,891317,33899,3.7
2007,Dec,62.2,59.9,927178,892693,34485,3.7
2008,Jan,62.2,59.9,928742,893771,34971,3.8
2008,Feb,62.3,59.9,929824,894455,35369,3.8
2008,Mar,62.3,59.9,930563,894781,35782,3.8
2008,Apr,62.3,59.8,931269,894875,36394,3.9
2008,May,62.3,59.8,932259,894964,37295,4.0
2008,Jun,62.3,59.8,933669,895203,38466,4.1
2008,Jul,62.4,59.7,935197,895490,39707,4.2
2008,Aug,62.4,59.7,936491,895498,40993,4.4
2008,Sep,62.4,59.5,937279,894766,42513,4.5
2008,Oct,62.3,59.4,937338,892860,44478,4.7
2008,Nov,62.2,59.1,936604,889563,47041,5.0
2008,Dec,62.1,58.7,935301,885097,50204,5.4
2009,Jan,61.9,58.3,933823,879969,53854,5.8
2009,Feb,61.8,57.9,932594,874843,57751,6.2
2009,Mar,61.7,57.6,931934,870494,61440,6.6
2009,Apr,61.6,57.4,931753,867304,64449,6.9
2009,May,61.5,57.1,931475,864960,66515,7.1
2009,Jun,61.4,57.0,930735,863044,67691,7.3
2009,Jul,61.3,56.8,929397,861120,68277,7.3
2009,Aug,61.1,56.6,927445,858923,68522,7.4
2009,Sep,60.9,56.4,925248,856574,68674,7.4
2009,Oct,60.7,56.1,923328,854347,68981,7.5
2009,Nov,60.5,56.0,922350,852745,69605,7.5
2009,Dec,60.5,55.9,922762,852174,70588,7.6
2010,Jan,60.6,55.9,924482,852812,71670,7.8
2010,Feb,60.7,55.9,926927,854371,72556,7.8
2010,Mar,60.8,56.0,929410,856258,73152,7.9
2010,Apr,59.5,54.8,931382,857944,73438,7.9
2010,May,59.6,54.9,932501,859086,73415,7.9
2010,Jun,59.5,54.8,932541,859355,73186,7.8
2010,Jul,59.4,54.7,931590,858753,72837,7.8
2010,Aug,59.2,54.6,930117,857660,72457,7.8
2010,Sep,59.0,54.5,928535,856477,72058,7.8
2010,Oct,58.9,54.4,927187,855710,71477,7.7
2010,Nov,58.8,54.3,926179,855573,70606,7.6
2010,Dec,58.7,54.3,925418,855971,69447,7.5
2011,Jan,58.6,54.3,924865,856685,68180,7.4
2011,Feb,58.6,54.3,924330,857362,66968,7.2
2011,Mar,58.5,54.3,923689,857730,65959,7.1
2011,Apr,58.4,54.3,923136,857741,65395,7.1
2011,May,58.4,54.2,923007,857556,65451,7.1
2011,Jun,58.3,54.2,923370,857388,65982,7.1
2011,Jul,58.3,54.1,924204,857471,66733,7.2
2011,Aug,58.4,54.1,925288,857828,67460,7.3
2011,Sep,58.4,54.1,926262,858392,67870,7.3
2011,Oct,58.4,54.1,927035,859120,67915,7.3
2011,Nov,58.4,54.1,927454,859863,67591,7.3
2011,Dec,58.4,54.2,927394,860484,66910,7.2
2012,Jan,58.3,54.2,927044,861016,66028,7.1
2012,Feb,58.3,54.2,926718,861491,65227,7.0
2012,Mar,58.2,54.2,926490,861751,64739,7.0
2012,Apr,58.2,54.2,926207,861707,64500,7.0
2012,May,58.2,54.1,926085,861677,64408,7.0
2012,Jun,58.2,54.1,926467,862094,64373,6.9
2012,Jul,58.2,54.2,927463,863126,64337,6.9
2012,Aug,58.3,54.2,928991,864648,64343,6.9
2012,Sep,58.4,54.3,930861,866333,64528,6.9
2012,Oct,58.4,54.4,932379,867580,64799,6.9
2012,Nov,58.4,54.4,933099,868064,65035,7.0
2012,Dec,58.4,54.3,933029,867842,65187,7.0
2013,Jan,58.3,54.3,932257,867056,65201,7.0
2013,Feb,58.2,54.2,931106,866088,65018,7.0
2013,Mar,58.2,54.1,930071,865458,64613,6.9
2013,Apr,58.1,54.1,929563,865440,64123,6.9
2013,May,58.1,54.1,929480,865698,63782,6.9
2013,Jun,58.1,54.1,929499,865780,63719,6.9
2013,Jul,58.0,54.0,929444,865549,63895,6.9
2013,Aug,58.0,54.0,929189,865146,64043,6.9
2013,Sep,58.0,54.0,928819,864817,64002,6.9
2013,Oct,57.9,54.0,928678,864770,63908,6.9
2013,Nov,57.9,54.0,928846,865040,63806,6.9
2013,Dec,57.9,54.0,929082,865489,63593,6.8
2014,Jan,57.9,54.0,929249,866039,63210,6.8
2014,Feb,58.0,54.0,929329,866611,62718,6.7
2014,Mar,58.0,54.1,929411,867098,62313,6.7
2014,Apr,58.0,54.1,929509,867421,62088,6.7
2014,May,58.0,54.1,929764,867859,61905,6.7
2014,Jun,58.0,54.2,930470,868766,61704,6.6
2014,Jul,58.1,54.2,931549,870102,61447,6.6
2014,Aug,58.1,54.3,932840,871735,61105,6.6
2014,Sep,58.2,54.4,934149,873427,60722,6.5
2014,Oct,58.2,54.5,935256,874941,60315,6.4
2014,Nov,58.2,54.5,936040,876027,60013,6.4
2014,Dec,58.3,54.5,936723,876625,60098,6.4
2015,Jan,58.3,54.5,937449,876798,60651,6.5
2015,Feb,58.3,54.5,938267,876702,61565,6.6
2015,Mar,58.4,54.5,939088,876587,62501,6.7
2015,Apr,58.4,54.5,939710,876589,63121,6.7
2015,May,58.4,54.5,939838,876592,63246,6.7
2015,Jun,58.3,54.4,939351,876434,62917,6.7
2015,Jul,58.3,54.4,938492,876122,62370,6.6
2015,Aug,58.2,54.3,937602,875731,61871,6.6
2015,Sep,58.1,54.3,936945,875502,61443,6.6
2015,Oct,58.1,54.3,936887,875740,61147,6.5
2015,Nov,58.1,54.3,937588,876509,61079,6.5
2015,Dec,58.2,54.4,938775,877628,61147,6.5
2016,Jan,58.2,54.4,940030,878770,61260,6.5
2016,Feb,58.3,54.5,941120,879654,61466,6.5
2016,Mar,58.3,54.5,941995,880148,61847,6.6
2016,Apr,58.3,54.5,942848,880344,62504,6.6
2016,May,58.4,54.5,943841,880426,63415,6.7
2016,Jun,58.4,54.4,944847,880481,64366,6.8
2016,Jul,58.5,54.4,945687,880580,65107,6.9
2016,Aug,58.5,54.4,946277,880730,65547,6.9
2016,Sep,58.5,54.4,946531,880785,65746,6.9
2016,Oct,58.4,54.4,946423,880745,65678,6.9
2016,Nov,58.4,54.4,946214,880917,65297,6.9
2016,Dec,58.4,54.4,946205,881536,64669,6.8
2017,Jan,58.4,54.4,948436,884417,64019,6.7
2017,Feb,58.4,54.5,949289,886194,63095,6.6
2017,Mar,58.5,54.6,950051,888083,61968,6.5
2017,Apr,58.5,54.7,950523,889828,60695,6.4
2017,May,58.5,54.8,950564,891259,59305,6.2
2017,Jun,58.4,54.9,950091,892199,57892,6.1
2017,Jul,58.3,54.9,949257,892654,56603,6.0
2017,Aug,58.3,54.8,948194,892747,55447,5.8
2017,Sep,58.2,54.8,947109,892724,54385,5.7
2017,Oct,58.1,54.8,946178,892867,53311,5.6
2017,Nov,58.0,54.8,945481,893299,52182,5.5
2017,Dec,58.0,54.8,945193,894267,50926,5.4
2018,Jan,57.6,54.6,940285,891233,49052,5.2
2018,Feb,57.7,54.8,941054,893378,47676,5.1
2018,Mar,57.7,54.9,942290,895868,46422,4.9
2018,Apr,57.8,55.0,943456,898068,45388,4.8
2018,May,57.8,55.1,944196,899482,44714,4.7
2018,Jun,57.8,55.1,944533,900068,44465,4.7
2018,Jul,57.8,55.1,944642,899990,44652,4.7
2018,Aug,57.8,55.0,944966,899630,45336,4.8
2018,Sep,57.8,55.0,945845,899404,46441,4.9
2018,Oct,57.8,54.9,947258,899635,47623,5.0
2018,Nov,57.9,54.9,948960,900429,48531,5.1
2018,Dec,58.0,55.0,950640,901652,48988,5.2
2019,Jan,58.0(R),55.0(R),951609(R),902712(R),48897(R),5.1(R)
2019,Feb,58.0(R),55.1(R),952395(R),903912(R),48483(R),5.1(R)
2019,Mar,58.0(R),55.1(R),952999(R),905024(R),47975(R),5.0(R)
2019,Apr,58.1(R),55.2(R),953675(R),906181(R),47494(R),5.0(R)
2019,May,58.1(R),55.2(R),954487(R),907348(R),47139(R),4.9(R)
2019,Jun,58.1(R),55.2(R),955356(R),908405(R),46951(R),4.9(R)
2019,Jul,58.1(R),55.3(R),956147(R),909259(R),46888(R),4.9(R)
2019,Aug,58.1(R),55.3(R),956844(R),910017(R),46827(R),4.9(R)
2019,Sep,58.1(R),55.3(R),957667(R),911042(R),46625(R),4.9(R)
2019,Oct,58.1(R),55.3(R),958756(R),912102(R),46654(R),4.9(R)
2019,Nov,58.2(R),55.3(R),960000(R),912846(R),47154(R),4.9(R)
2019,Dec,58.2(R),55.2(R),960750(R),912644(R),48106(R),5.0(R)
2020,Jan,58.1(R),55.1(R),960461(R),911150(R),49311(R),5.1(R)
2020,Feb,58.0(R),54.9(R),958951(R),908423(R),50528(R),5.3(R)
2020,Mar,57.2(R),53.9(R),946463(R),891025(R),55438(R),5.9(R)
2020,Apr,54.3(R),49.4(R),901611(R),820270(R),81341(R),9.0(R)
2020,May,54.9(R),49.8(R),912363(R),827957(R),84406(R),9.3(R)
2020,Jun,55.0(R),50.0(R),914344(R),832096(R),82248(R),9.0(R)
2020,Jul,55.4(R),50.4(R),921682(R),838967(R),82715(R),9.0(R)
2020,Aug,55.5(R),50.7(R),924261(R),844997(R),79264(R),8.6(R)
2020,Sep,55.9(R),51.1(R),931312(R),850720(R),80592(R),8.7(R)
2020,Oct,55.9(R),51.2(R),932249(R),854100(R),78149(R),8.4(R)
2020,Nov,56.0(R),51.3(R),934151(R),856129(R),78022(R),8.4(R)
2020,Dec,56.1(R),51.4(R),935911(R),857099(R),78812(R),8.4(R)
2021,Jan,56.0(R),51.4(R),934588(R),857819(R),76769(R),8.2(R)
2021,Feb,56.1(R),51.5(R),935634(R),859267(R),76367(R),8.2(R)
2021,Mar,56.2(R),51.7(R),936693(R),862186(R),74507(R),8.0(R)
2021,Apr,56.3(R),51.9(R),940052(R),866165(R),73887(R),7.9(R)
2021,May,56.4(R),52.1(R),941000(R),870374(R),70626(R),7.5(R)
2021,Jun,56.5(R),52.3(R),944491(R),874370(R),70121(R),7.4(R)
2021,Jul,56.5(R),52.5(R),945065(R),877848(R),67217(R),7.1(R)
2021,Aug,56.6(R),52.7(R),945761(R),881407(R),64354(R),6.8(R)
2021,Sep,56.5(R),52.9(R),944093(R),884912(R),59181(R),6.3(R)
2021,Oct,56.5(R),53.1(R),945755(R),888720(R),57035(R),6.0(R)
2021,Nov,56.6(R),53.3(R),947437(R),892422(R),55015(R),5.8(R)
2021,Dec,56.7(R),53.6(R),949493(R),896272(R),53221(R),5.6(R)
2022,Jan,56.8(R),53.8(R),951152(R),899866(R),51286(R),5.4(R)
2022,Feb,56.8(R),54.0(R),950640(R),902951(R),47689(R),5.0(R)
2022,Mar,56.7(R),54.1(R),949230(R),905296(R),43934(R),4.6(R)
2022,Apr,56.7(R),54.2(R),948802(R),907273(R),41529(R),4.4(R)
2022,May,56.6(R),54.3(R),948024(R),908707(R),39317(R),4.1(R)
2022,Jun,56.5(R),54.3(R),946766(R),909740(R),37026(R),3.9(R)
2022,Jul,56.4(R),54.3(R),944588(R),910150(R),34438(R),3.6(R)
2022,Aug,56.2(R),54.3(R),942219(R),910373(R),31846(R),3.4(R)
2022,Sep,56.3(R),54.3(R),943973(R),910998(R),32975(R),3.5(R)
2022,Oct,56.4(R),54.4(R),946283(R),912446(R),33837(R),3.6(R)
2022,Nov,56.5(R),54.5(R),948971(R),914642(R),34329(R),3.6(R)
2022,Dec,56.6(R),54.6(R),951955(R),917480(R),34475(R),3.6(R)
2023,Jan,56.8(R),54.8(R),955263(R),920828(R),34435(R),3.6(R)
2023,Feb,57.0(R),55.0(R),958833(R),924503(R),34330(R),3.6(R)
2023,Mar,57.2(R),55.1(R),962110(R),927815(R),34295(R),3.6(R)
2023,Apr,57.3(R),55.3(R),964598(R),930259(R),34339(R),3.6(R)
2023,May,57.4(R),55.3(R),966015(R),931451(R),34564(R),3.6(R)
2023,Jun,57.4(R),55.3(R),966664(R),931616(R),35048(R),3.6(R)
2023,Jul,57.4(R),55.2(R),966918(R),931035(R),35883(R),3.7(R)
2023,Aug,57.3(R),55.1(R),967010(R),930106(R),36904(R),3.8(R)
2023,Sep,57.3(R),55.0(R),967243(R),929421(R),37822(R),3.9(R)
2023,Oct,57.3(R),55.0(R),967820(R),929363(R),38457(R),4.0(R)
2023,Nov,57.3(R),55.0(R),968393(R),929884(R),38509(R),4.0(R)
2023,Dec,57.3(R),55.0(R),969026(R),930620(R),38406(R),4.0(R)
2024,Jan,57.3,55.0,968914,930352,38562,4.0
2024,Feb,57.2(P),55.0(P),968829(P),930662(P),38167(P),3.9(P)
