Date,Natural Gas Consumption,Trend,Seasonal,Residual
1973-01-01,2348.0,,719.5820263741133,
1973-02-01,2126.0,,436.68220146276593,
1973-03-01,2015.0,,279.37887921099286,
1973-04-01,1835.0,,-104.82176174645386,
1973-05-01,1729.0,,-299.91043506205676,
1973-06-01,1534.0,,-355.9899465868794,
1973-07-01,1558.0,,-249.53404454787233,
1973-08-01,1582.0,,-236.6286336436171,
1973-09-01,1527.0,,-371.28923337765957,
1973-10-01,1708.0,,-253.63930474290783,
1973-11-01,1905.0,,-9.088791001773032,
1973-12-01,2182.0,,445.2590436613475,
1974-01-01,2230.0,,719.5820263741133,
1974-02-01,2054.0,,436.68220146276593,
1974-03-01,2003.0,,279.37887921099286,
1974-04-01,1691.0,,-104.82176174645386,
1974-05-01,1608.0,,-299.91043506205676,
1974-06-01,1439.0,,-355.9899465868794,
1974-07-01,1514.0,,-249.53404454787233,
1974-08-01,1510.0,,-236.6286336436171,
1974-09-01,1537.0,,-371.28923337765957,
1974-10-01,1706.0,,-253.63930474290783,
1974-11-01,1827.0,,-9.088791001773032,
1974-12-01,2104.0,1724.0833333333333,445.2590436613475,-65.34237699468076
1975-01-01,2248.0,1725.3124999999998,719.5820263741133,-196.89452637411307
1975-02-01,1939.0,1718.8541666666665,436.68220146276593,-216.53636812943245
1975-03-01,1903.0,1712.6041666666665,279.37887921099286,-88.98304587765938
1975-04-01,1575.0,1704.3541666666665,-104.82176174645386,-24.532404920212656
1975-05-01,1331.0,1697.0624999999998,-299.91043506205676,-66.15206493794301
1975-06-01,1257.0,1692.875,-355.9899465868794,-79.8850534131206
1975-07-01,1313.0,1688.0208333333333,-249.53404454787233,-125.48678878546093
1975-08-01,1369.0,1683.4791666666665,-236.6286336436171,-77.85053302304942
1975-09-01,1370.0,1681.3958333333333,-371.28923337765957,59.89340004432631
1975-10-01,1544.0,1677.4375,-253.63930474290783,120.20180474290783
1975-11-01,1640.0,1672.9583333333333,-9.088791001773032,-23.869542331560226
1975-12-01,2049.0,1671.4166666666665,445.2590436613475,-67.67571032801402
1976-01-01,2291.0,1674.5833333333333,719.5820263741133,-103.16535970744656
1976-02-01,1938.0,1676.3541666666667,436.68220146276593,-175.03636812943267
1976-03-01,1721.0,1674.5833333333335,279.37887921099286,-232.96221254432635
1976-04-01,1508.0,1671.4166666666665,-104.82176174645386,-58.594904920212656
1976-05-01,1434.0,1666.6666666666665,-299.91043506205676,67.24376839539025
1976-06-01,1335.0,1662.708333333333,-355.9899465868794,28.281613253546368
1976-07-01,1372.0,1658.9375,-249.53404454787233,-37.40345545212767
1976-08-01,1317.0,1654.25,-236.6286336436171,-100.62136635638291
1976-09-01,1302.0,1647.958333333333,-371.28923337765957,25.33090004432654
1976-10-01,1621.0,1642.4166666666663,-253.63930474290783,232.22263807624154
1976-11-01,1875.0,1638.895833333333,-9.088791001773032,245.19295766844
1976-12-01,2232.0,1638.1666666666665,445.2590436613475,148.57428967198598
1977-01-01,2407.0,1641.875,719.5820263741133,45.5429736258867
1977-02-01,1816.0,1647.3958333333333,436.68220146276593,-268.0780347960992
1977-03-01,1715.0,1646.9375,279.37887921099286,-211.31637921099286
1977-04-01,1439.0,1647.3333333333335,-104.82176174645386,-103.51157158687963
1977-05-01,1379.0,1649.375,-299.91043506205676,29.535435062056763
1977-06-01,1333.0,1650.4583333333333,-355.9899465868794,38.53161325354614
1977-07-01,1325.0,1650.8124999999998,-249.53404454787233,-76.27845545212745
1977-08-01,1364.0,1650.2499999999998,-236.6286336436171,-49.62136635638268
1977-09-01,1427.0,1649.395833333333,-371.28923337765957,148.89340004432654
1977-10-01,1518.0,1649.6666666666665,-253.63930474290783,121.97263807624131
1977-11-01,1690.0,1652.333333333333,-9.088791001773032,46.75545766844
1977-12-01,2108.0,1652.8124999999998,445.2590436613475,9.928456338652722
1978-01-01,2382.0,1651.7029791666664,719.5820263741133,10.714994459220293
1978-02-01,2139.0,1656.0523749999998,436.68220146276593,46.26542353723431
1978-03-01,1918.0,1662.9887291666664,279.37887921099286,-24.36760837765928
1978-04-01,1539.0,1663.5430208333332,-104.82176174645386,-19.72125908687937
1978-05-01,1380.0,1661.9364791666667,-299.91043506205676,17.973955895390077
1978-06-01,1249.0,1660.2676041666666,-355.9899465868794,-55.27765757978722
1978-07-01,1333.0,1658.6705,-249.53404454787233,-76.13645545212762
1978-08-01,1285.0,1657.9484791666666,-236.6286336436171,-136.31984552304954
1978-09-01,1235.0,1657.8919375,-371.28923337765957,-51.60270412234047
1978-10-01,1440.0,1655.8349791666665,-253.63930474290783,37.804325576241354
1978-11-01,1658.0,1653.4507916666666,-9.088791001773032,13.637999335106386
1978-12-01,2069.0,1651.3040624999999,445.2590436613475,-27.563106161347378
1979-01-01,2426.0,1648.6291875,719.5820263741133,57.78878612588676
1979-02-01,2204.0,1650.2750833333332,436.68220146276593,117.04271520390085
1979-03-01,1881.0,1654.1173958333331,279.37887921099286,-52.49627504432601
1979-04-01,1594.0,1655.139333333333,-104.82176174645386,43.68242841312079
1979-05-01,1429.0,1656.1249583333333,-299.91043506205676,72.78547672872344
1979-06-01,1309.0,1655.6202708333333,-355.9899465868794,9.369675753546119
1979-07-01,1330.0,1655.3841458333334,-249.53404454787233,-75.85010128546105
1979-08-01,1342.0,1654.3125625,-236.6286336436171,-75.68392885638292
1979-09-01,1329.0,1650.9339791666666,-371.28923337765957,49.35525421099294
1979-10-01,1557.0,1650.9479374999999,-253.63930474290783,159.69136724290797
1979-11-01,1768.0,1649.4648333333332,-9.088791001773032,127.62395766843981
1979-12-01,2072.0,1648.8072499999998,445.2590436613475,-22.066293661347345
1980-01-01,2237.743,1649.1754791666667,719.5820263741133,-131.01450554078008
1980-02-01,2146.771,1645.9469791666668,436.68220146276593,64.14181937056748
1980-03-01,2053.945,1644.2709375,279.37887921099286,130.29518328900735
1980-04-01,1534.606,1643.1531041666665,-104.82176174645386,-3.725342420212627
1980-05-01,1356.886,1638.0666041666664,-299.91043506205676,18.729830895390364
1980-06-01,1254.894,1635.2657083333334,-355.9899465868794,-24.381761746453947
1980-07-01,1295.339,1631.3452499999999,-249.53404454787233,-86.47220545212758
1980-08-01,1282.343,1628.5608958333332,-236.6286336436171,-109.58926218971607
1980-09-01,1299.286,1626.5865625,-371.28923337765957,43.98867087765973
1980-10-01,1522.266,1623.8782916666664,-253.63930474290783,152.02701307624147
1980-11-01,1760.559,1621.8257291666666,-9.088791001773032,147.82206183510635
1980-12-01,2128.957,1614.9430208333333,445.2590436613475,68.75493550531905
1981-01-01,2278.606,1610.5099791666667,719.5820263741133,-51.48600554077973
1981-02-01,1895.003,1602.9951875000002,436.68220146276593,-144.67438896276616
1981-03-01,1899.431,1600.2066875,279.37887921099286,19.845433289007133
1981-04-01,1488.053,1598.1762916666667,-104.82176174645386,-5.301529920212687
1981-05-01,1426.31,1594.0451666666668,-299.91043506205676,132.17526839538993
1981-06-01,1308.775,1588.9933333333333,-355.9899465868794,75.77161325354615
1981-07-01,1313.666,1583.4094791666666,-249.53404454787233,-20.209434618794376
1981-08-01,1312.564,1578.3609375,-236.6286336436171,-29.16830385638292
1981-09-01,1264.828,1572.3039374999998,-371.28923337765957,63.8132958776597
1981-10-01,1518.67,1562.8039791666665,-253.63930474290783,209.50532557624138
1981-11-01,1618.811,1552.851,-9.088791001773032,75.04879100177284
1981-12-01,2076.436,1543.9828541666666,445.2590436613475,87.19410217198606
1982-01-01,2399.675,1546.1152499999998,719.5820263741133,133.97772362588705
1982-02-01,1984.032,1542.1160416666667,436.68220146276593,5.233756870567333
1982-03-01,1837.55,1537.6652083333333,279.37887921099286,20.50591245567375
1982-04-01,1485.344,1538.9988749999998,-104.82176174645386,51.16688674645414
1982-05-01,1135.848,1538.7693749999999,-299.91043506205676,-103.01093993794314
1982-06-01,1114.557,1537.1130833333334,-355.9899465868794,-66.56613674645399
1982-07-01,1144.818,1534.1331875,-249.53404454787233,-139.78114295212777
1982-08-01,1151.351,1531.4568541666667,-236.6286336436171,-143.47722052304954
1982-09-01,1140.232,1526.9935833333332,-371.28923337765957,-15.472349955673621
1982-10-01,1310.003,1519.8667083333332,-253.63930474290783,43.77559640957452
1982-11-01,1559.477,1512.1960208333333,-9.088791001773032,56.36977016843987
1982-12-01,1738.63,1503.9189374999999,445.2590436613475,-210.54798116134725
1983-01-01,2213.214,1500.2335624999998,719.5820263741133,-6.60158887411319
1983-02-01,1843.29,1505.4866666666665,436.68220146276593,-98.87886812943242
1983-03-01,1747.152,1501.7536041666665,279.37887921099286,-33.98048337765931
1983-04-01,1496.541,1500.8750624999998,-104.82176174645386,100.48769924645401
1983-05-01,1230.706,1495.0632291666666,-299.91043506205676,35.55320589539008
1983-06-01,1066.512,1490.223875,-355.9899465868794,-67.72192841312057
1983-07-01,1061.975,1486.1634583333332,-249.53404454787233,-174.65441378546097
1983-08-01,1099.67,1482.1132291666665,-236.6286336436171,-145.81459552304938
1983-09-01,1038.264,1477.4528958333333,-371.28923337765957,-67.89966245567382
1983-10-01,1101.002,1469.7160625,-253.63930474290783,-115.07475775709213
1983-11-01,1290.257,1463.3417499999998,-9.088791001773032,-163.99595899822674
1983-12-01,1646.329,1459.7478958333331,445.2590436613475,-258.6779394946807
1984-01-01,2340.098,1454.602270833333,719.5820263741133,165.91370279255364
1984-02-01,1954.809,1452.540208333333,436.68220146276593,65.58659020390093
1984-03-01,1840.305,1450.3306249999998,279.37887921099286,110.59549578900737
1984-04-01,1598.622,1447.4658124999999,-104.82176174645386,255.97794924645407
1984-05-01,1345.87,1448.0813125,-299.91043506205676,197.6991225620567
1984-06-01,1175.392,1446.4483958333333,-355.9899465868794,84.93355075354617
1984-07-01,1152.304,1444.0764374999999,-249.53404454787233,-42.23839295212747
1984-08-01,1153.879,1440.8157291666666,-236.6286336436171,-50.308095523049644
1984-09-01,1085.049,1436.6427708333333,-371.28923337765957,19.695462544326233
1984-10-01,1180.176,1430.5266458333333,-253.63930474290783,3.288658909574451
1984-11-01,1392.366,1423.9592708333334,-9.088791001773032,-22.50447983156043
1984-12-01,1731.657,1422.6599999999999,445.2590436613475,-136.26204366134743
1985-01-01,2101.708,1420.8181875,719.5820263741133,-38.692213874113236
1985-02-01,2147.152,1422.3797083333334,436.68220146276593,288.09009020390073
1985-03-01,1720.244,1422.3914166666666,279.37887921099286,18.47370412234045
1985-04-01,1445.883,1421.1351666666665,-104.82176174645386,129.56959507978743
1985-05-01,1147.342,1420.1431249999998,-299.91043506205676,27.109310062057034
1985-06-01,1076.486,1420.8008333333332,-355.9899465868794,11.675113253546272
1985-07-01,1118.766,1421.4342916666667,-249.53404454787233,-53.13424711879429
1985-08-01,1118.153,1421.9543958333334,-236.6286336436171,-67.17276218971625
1985-09-01,1041.132,1422.0628333333334,-371.28923337765957,-9.641599955673769
1985-10-01,1147.302,1424.5445833333333,-253.63930474290783,-23.60327859042559
1985-11-01,1312.844,1427.1576041666667,-9.088791001773032,-105.22481316489363
1985-12-01,1903.931,1430.4911666666667,445.2590436613475,28.18078967198585
1986-01-01,2152.685,1427.2931875,719.5820263741133,5.809786125886717
1986-02-01,1885.053,1429.0200208333333,436.68220146276593,19.35077770390086
1986-03-01,1731.49,1429.5750624999998,279.37887921099286,22.536058289007315
1986-04-01,1347.833,1426.763270833333,-104.82176174645386,25.89149091312086
1986-05-01,1165.392,1425.8583541666667,-299.91043506205676,39.44408089539013
1986-06-01,1036.177,1425.7535416666665,-355.9899465868794,-33.58659507978717
1986-07-01,1030.964,1426.2573333333332,-249.53404454787233,-145.75928878546097
1986-08-01,994.837,1427.6851666666666,-236.6286336436171,-196.21953302304956
1986-09-01,939.93,1427.9681666666665,-371.28923337765957,-116.74893328900703
1986-10-01,1016.429,1429.0462708333332,-253.63930474290783,-158.9779660904254
1986-11-01,1244.243,1430.2991666666667,-9.088791001773032,-176.96737566489372
1986-12-01,1676.265,1432.13825,445.2590436613475,-201.13229366134738
1987-01-01,2124.807,1430.8757916666664,719.5820263741133,-25.650818040779882
1987-02-01,1918.243,1428.4251458333333,436.68220146276593,53.13565270390069
1987-03-01,1747.714,1433.6570416666666,279.37887921099286,34.67807912234048
1987-04-01,1436.241,1437.0562916666668,-104.82176174645386,104.00647007978708
1987-05-01,1183.088,1441.8758125,-299.91043506205676,41.12262256205679
1987-06-01,1098.082,1445.1042291666668,-355.9899465868794,8.96771742021275
1987-07-01,1092.381,1448.00475,-249.53404454787233,-106.08970545212765
1987-08-01,1124.635,1450.7994166666667,-236.6286336436171,-89.53578302304965
1987-09-01,1043.469,1454.370875,-371.28923337765957,-39.61264162234045
1987-10-01,1220.126,1458.9627708333333,-253.63930474290783,14.80253390957455
1987-11-01,1415.682,1464.7415833333332,-9.088791001773032,-39.97079233156016
1987-12-01,1806.34,1470.431125,445.2590436613475,-109.35016866134765
1988-01-01,2186.595,1470.6709999999998,719.5820263741133,-3.6580263741133194
1988-02-01,2037.697,1470.2327916666666,436.68220146276593,130.7820068705674
1988-03-01,1866.947,1472.2709166666666,279.37887921099286,115.29720412234042
1988-04-01,1463.656,1478.1868958333332,-104.82176174645386,90.2908659131206
1988-05-01,1302.434,1483.508625,-299.91043506205676,118.8358100620568
1988-06-01,1170.361,1489.4583333333335,-355.9899465868794,36.89261325354602
1988-07-01,1176.486,1495.3538958333334,-249.53404454787233,-69.33385128546092
1988-08-01,1222.415,1502.6063125,-236.6286336436171,-43.562678856383
1988-09-01,1098.633,1510.2029166666666,-371.28923337765957,-40.280683289007015
1988-10-01,1231.925,1518.7486875,-253.63930474290783,-33.18438275709218
1988-11-01,1452.505,1525.6186666666667,-9.088791001773032,-64.0248756648936
1988-12-01,1819.933,1531.9364791666667,445.2590436613475,-157.2625228280142
1989-01-01,2041.11,1536.2373333333333,719.5820263741133,-214.70935970744665
1989-02-01,2029.521,1536.6833125,436.68220146276593,56.15548603723397
1989-03-01,1971.375,1539.3635416666666,279.37887921099286,152.63257912234053
1989-04-01,1609.047,1542.42175,-104.82176174645386,171.4470117464539
1989-05-01,1378.679,1546.606,-299.91043506205676,131.98343506205686
1989-06-01,1231.45,1549.7255624999998,-355.9899465868794,37.71438408687965
1989-07-01,1257.991,1555.0041041666664,-249.53404454787233,-47.479059618794054
1989-08-01,1252.297,1559.4100833333332,-236.6286336436171,-70.48444968971609
1989-09-01,1212.562,1564.3511666666666,-371.28923337765957,19.500066710992883
1989-10-01,1367.713,1569.5241458333333,-253.63930474290783,51.82815890957454
1989-11-01,1590.227,1576.0350208333332,-9.088791001773032,23.28077016843993
1989-12-01,2177.029,1580.9210416666665,445.2590436613475,150.848914671986
1990-01-01,2164.199,1582.8756666666666,719.5820263741133,-138.2586930407798
1990-02-01,1864.019,1583.6043124999999,436.68220146276593,-156.2675139627658
1990-03-01,1829.32,1585.8992083333333,279.37887921099286,-35.95808754432619
1990-04-01,1631.8,1591.6841666666664,-104.82176174645386,144.93759507978737
1990-05-01,1420.835,1595.3023958333333,-299.91043506205676,125.44303922872348
1990-06-01,1321.763,1598.6245416666666,-355.9899465868794,79.12840492021274
1990-07-01,1313.951,1603.1518333333331,-249.53404454787233,-39.66678878546077
1990-08-01,1342.953,1605.5698958333332,-236.6286336436171,-25.98826218971618
1990-09-01,1304.567,1610.1072916666667,-371.28923337765957,65.74894171099288
1990-10-01,1426.626,1614.0451458333332,-253.63930474290783,66.2201589095746
1990-11-01,1574.002,1619.5991875,-9.088791001773032,-36.508396498226986
1990-12-01,1979.52,1626.7261041666666,445.2590436613475,-92.4651478280141
1991-01-01,2331.248,1632.4583541666666,719.5820263741133,-20.792380540779845
1991-02-01,1939.65,1635.986375,436.68220146276593,-133.0185764627658
1991-03-01,1876.365,1640.2918958333332,279.37887921099286,-43.30577504432608
1991-04-01,1583.035,1642.4511041666665,-104.82176174645386,45.40565757978746
1991-05-01,1383.932,1641.4392916666666,-299.91043506205676,42.4031433953902
1991-06-01,1247.821,1643.7905416666665,-355.9899465868794,-39.9795950797872
1991-07-01,1345.751,1647.2426666666665,-249.53404454787233,-51.957622118794234
1991-08-01,1336.122,1651.3021666666666,-236.6286336436171,-78.55153302304944
1991-09-01,1280.641,1653.8016874999998,-371.28923337765957,-1.8714541223401966
1991-10-01,1468.429,1657.3383749999998,-253.63930474290783,64.7299297429081
1991-11-01,1728.204,1661.8638541666667,-9.088791001773032,75.42893683510631
1991-12-01,2040.869,1661.5353125000001,445.2590436613475,-65.92535616134774
1992-01-01,2280.417,1669.7241458333333,719.5820263741133,-108.88917220744668
1992-02-01,2072.672,1679.4353958333331,436.68220146276593,-43.44559729609904
1992-03-01,1977.102,1684.4865624999998,279.37887921099286,13.236558289007462
1992-04-01,1741.334,1685.3139583333332,-104.82176174645386,160.84180341312074
1992-05-01,1476.109,1685.6164999999999,-299.91043506205676,90.40293506205683
1992-06-01,1329.824,1688.2394166666666,-355.9899465868794,-2.4254700797870896
1992-07-01,1393.796,1691.1945208333334,-249.53404454787233,-47.86447628546102
1992-08-01,1338.482,1694.1919583333333,-236.6286336436171,-119.08132468971627
1992-09-01,1316.428,1696.3643333333332,-371.28923337765957,-8.647099955673525
1992-10-01,1420.942,1698.1919166666667,-253.63930474290783,-23.610611923758825
1992-11-01,1719.099,1701.8223541666666,-9.088791001773032,26.365436835106337
1992-12-01,2162.025,1704.734125,445.2590436613475,12.031831338652637
1993-01-01,2316.258,1706.8394791666665,719.5820263741133,-110.16350554077997
1993-02-01,2198.866,1712.8944583333332,436.68220146276593,49.28934020390085
1993-03-01,2178.04,1718.45625,279.37887921099286,180.20487078900715
1993-04-01,1712.689,1723.4111875,-104.82176174645386,94.09957424645384
1993-05-01,1330.112,1728.2650624999999,-299.91043506205676,-98.24262743794304
1993-06-01,1344.31,1732.654645833333,-355.9899465868794,-32.35469924645366
1993-07-01,1423.693,1737.7794166666665,-249.53404454787233,-64.55237211879421
1993-08-01,1447.153,1744.5488541666668,-236.6286336436171,-60.76722052304973
1993-09-01,1332.539,1748.3189583333333,-371.28923337765957,-44.49072495567373
1993-10-01,1537.474,1749.6082291666667,-253.63930474290783,41.5050755762411
1993-11-01,1807.45,1753.5415208333334,-9.088791001773032,62.9972701684397
1993-12-01,2161.259,1759.8345624999997,445.2590436613475,-43.83460616134721
1994-01-01,2557.263,1766.544375,719.5820263741133,71.13659862588668
1994-02-01,2330.159,1772.4151041666669,436.68220146276593,121.0616943705673
1994-03-01,2071.776,1777.7738541666668,279.37887921099286,14.623266622340225
1994-04-01,1671.515,1780.2127291666666,-104.82176174645386,-3.8759674202126178
1994-05-01,1435.357,1783.708625,-299.91043506205676,-48.44118993794325
1994-06-01,1447.663,1787.9766041666667,-355.9899465868794,15.676342420212734
1994-07-01,1455.796,1790.981375,-249.53404454787233,-85.6513304521277
1994-08-01,1486.83,1795.8002291666667,-236.6286336436171,-72.34159552304965
1994-09-01,1408.841,1799.1051875000003,-371.28923337765957,-18.97495412234082
1994-10-01,1514.35,1802.5305625,-253.63930474290783,-34.54125775709235
1994-11-01,1748.263,1806.9095833333333,-9.088791001773032,-49.55779233156038
1994-12-01,2119.285,1809.4355833333334,445.2590436613475,-135.40962699468105
1995-01-01,2432.305,1814.1039791666667,719.5820263741133,-101.38100554078017
1995-02-01,2230.289,1815.6609583333334,436.68220146276593,-22.0541597960991
1995-03-01,2143.331,1815.2074375,279.37887921099286,48.7446832890073
1995-04-01,1820.872,1817.9021874999999,-104.82176174645386,107.79157424645408
1995-05-01,1616.918,1824.5602083333333,-299.91043506205676,92.26822672872333
1995-06-01,1458.521,1828.5616041666667,-355.9899465868794,-14.050657579787355
1995-07-01,1591.74,1833.7067916666665,-249.53404454787233,7.567252881205832
1995-08-01,1661.055,1837.6727083333333,-236.6286336436171,60.01092531028388
1995-09-01,1461.606,1841.9671041666666,-371.28923337765957,-9.071870789006994
1995-10-01,1530.314,1843.2307291666666,-253.63930474290783,-59.2774244237587
1995-11-01,1917.002,1845.7992916666667,-9.088791001773032,80.29149933510628
1995-12-01,2342.935,1850.0085,445.2590436613475,47.66745633865253
1996-01-01,2602.488,1847.6204791666667,719.5820263741133,35.285494459219876
1996-02-01,2354.467,1843.6592708333333,436.68220146276593,74.1255277039009
1996-03-01,2234.322,1845.8021458333333,279.37887921099286,109.14097495567398
1996-04-01,1858.4,1847.5986249999999,-104.82176174645386,115.6231367464541
1996-05-01,1643.912,1850.8730624999998,-299.91043506205676,92.94937256205696
1996-06-01,1534.687,1853.7912291666667,-355.9899465868794,36.88571742021264
1996-07-01,1538.025,1859.3696874999998,-249.53404454787233,-71.81064295212741
1996-08-01,1569.787,1864.5736874999998,-236.6286336436171,-58.15805385638265
1996-09-01,1475.066,1868.461125,-371.28923337765957,-22.105891622340437
1996-10-01,1585.36,1869.2813541666667,-253.63930474290783,-30.282049423758963
1996-11-01,1929.292,1869.5942083333332,-9.088791001773032,68.78658266843975
1996-12-01,2283.273,1870.818020833333,445.2590436613475,-32.80406449468046
1997-01-01,2540.341,1873.3345,719.5820263741133,-52.57552637411334
1997-02-01,2273.601,1871.5120000000002,436.68220146276593,-34.59320146276599
1997-03-01,2156.271,1872.8724583333333,279.37887921099286,4.019662455674052
1997-04-01,1842.037,1873.6026666666667,-104.82176174645386,73.25609507978723
1997-05-01,1649.697,1872.932645833333,-299.91043506205676,76.67478922872363
1997-06-01,1536.377,1874.4279166666665,-355.9899465868794,17.939029920212818
1997-07-01,1670.662,1876.399270833333,-249.53404454787233,43.79677371453931
1997-08-01,1637.517,1877.7173125,-236.6286336436171,-3.571678856382789
1997-09-01,1538.67,1879.1561875,-371.28923337765957,30.803045877659656
1997-10-01,1598.128,1881.2200625,-253.63930474290783,-29.452757757092286
1997-11-01,1930.741,1877.3890416666668,-9.088791001773032,62.44074933510622
1997-12-01,2363.301,1874.9484791666666,445.2590436613475,43.093477171985796
1998-01-01,2442.638,1873.4892083333334,719.5820263741133,-150.4332347074468
1998-02-01,2140.021,1873.2014375,436.68220146276593,-169.86263896276586
1998-03-01,2174.634,1870.100125,279.37887921099286,25.154995789007216
1998-04-01,1757.746,1869.4529583333333,-104.82176174645386,-6.885196586879346
1998-05-01,1592.53,1871.3744583333332,-299.91043506205676,21.065976728723513
1998-06-01,1587.735,1873.0664791666666,-355.9899465868794,70.65846742021273
1998-07-01,1723.562,1875.8400833333333,-249.53404454787233,97.25596121453896
1998-08-01,1736.622,1880.9124791666666,-236.6286336436171,92.33815447695059
1998-09-01,1595.438,1882.7475833333333,-371.28923337765957,83.97965004432638
1998-10-01,1553.721,1883.2620416666664,-253.63930474290783,-75.90173692375856
1998-11-01,1763.28,1883.2534375,-9.088791001773032,-110.88464649822701
1998-12-01,2178.028,1890.0326458333334,445.2590436613475,-157.2636894946811
1999-01-01,2553.096,1892.8796666666667,719.5820263741133,-59.36569304078
1999-02-01,2142.809,1893.6268125,436.68220146276593,-187.50001396276565
1999-03-01,2208.633,1895.5093541666665,279.37887921099286,33.74476662234042
1999-04-01,1855.922,1894.7829583333332,-104.82176174645386,65.96080341312066
1999-05-01,1584.757,1892.1305625,-299.91043506205676,-7.463127437943172
1999-06-01,1530.294,1890.2139166666666,-355.9899465868794,-3.929970079787097
1999-07-01,1686.365,1888.7016041666666,-249.53404454787233,47.19744038120575
1999-08-01,1724.321,1889.3612083333333,-236.6286336436171,71.58842531028375
1999-09-01,1530.672,1888.4332499999998,-371.28923337765957,13.52798337765978
1999-10-01,1629.38,1889.4946041666665,-253.63930474290783,-6.475299423758543
1999-11-01,1733.113,1884.7072916666666,-9.088791001773032,-142.50550066489353
1999-12-01,2225.788,1879.642645833333,445.2590436613475,-99.11368949468056
2000-01-01,2532.443,1880.580145833333,719.5820263741133,-67.71917220744615
2000-02-01,2340.654,1882.7136041666665,436.68220146276593,21.258194370567537
2000-03-01,2085.459,1884.459375,279.37887921099286,-78.37925421099294
2000-04-01,1827.336,1887.0268541666665,-104.82176174645386,45.13090757978742
2000-05-01,1736.144,1887.4210833333332,-299.91043506205676,148.6333517287236
2000-06-01,1615.904,1887.4968749999998,-355.9899465868794,84.39707158687958
2000-07-01,1671.158,1888.0150624999997,-249.53404454787233,32.67698204787257
2000-08-01,1813.262,1887.787770833333,-236.6286336436171,162.10286281028397
2000-09-01,1563.151,1886.678020833333,-371.28923337765957,47.762212544326644
2000-10-01,1610.054,1888.5978541666664,-253.63930474290783,-24.904549423758453
2000-11-01,1928.879,1891.7301249999998,-9.088791001773032,46.23766600177312
2000-12-01,2608.675,1895.9148541666664,445.2590436613475,267.5011021719863
2001-01-01,2676.998,1898.9867083333334,719.5820263741133,58.429265292553396
2001-02-01,2309.464,1906.43475,436.68220146276593,-33.652951462765884
2001-03-01,2246.633,1906.2118958333333,279.37887921099286,61.042224955673646
2001-04-01,1807.17,1903.8703958333333,-104.82176174645386,8.121365913120627
2001-05-01,1522.382,1902.4108125,-299.91043506205676,-80.1183774379432
2001-06-01,1444.378,1899.0373749999999,-355.9899465868794,-98.66942841312056
2001-07-01,1598.071,1897.2481874999999,-249.53404454787233,-49.64314295212762
2001-08-01,1669.178,1895.73275,-236.6286336436171,10.073883643617307
2001-09-01,1494.128,1893.6052916666667,-371.28923337765957,-28.188058289007245
2001-10-01,1649.073,1892.0179791666667,-253.63930474290783,10.694325576241226
2001-11-01,1700.95,1892.4456666666665,-9.088791001773032,-182.40687566489345
2001-12-01,2120.198,1893.2346458333332,445.2590436613475,-218.2956894946808
2002-01-01,2487.638,1896.221958333333,719.5820263741133,-128.16598470744646
2002-02-01,2242.427,1899.7728541666665,436.68220146276593,-94.02805562943234
2002-03-01,2258.431,1900.0949791666667,279.37887921099286,78.95714162234049
2002-04-01,1880.985,1898.3832083333332,-104.82176174645386,87.42355341312057
2002-05-01,1611.453,1894.9852708333333,-299.91043506205676,16.37816422872345
2002-06-01,1591.373,1892.2306875,-355.9899465868794,55.132259086879515
2002-07-01,1748.435,1890.4343333333331,-249.53404454787233,107.53471121453913
2002-08-01,1725.712,1885.5322499999997,-236.6286336436171,76.80838364361733
2002-09-01,1542.17,1883.8447291666666,-371.28923337765957,29.614504210993005
2002-10-01,1645.873,1882.7441041666666,-253.63930474290783,16.76820057624127
2002-11-01,1913.629,1879.7007083333333,-9.088791001773032,43.01708266843964
2002-12-01,2378.895,1873.8476875,445.2590436613475,59.788268838652584
2003-01-01,2700.545,1871.4489374999998,719.5820263741133,109.51403612588695
2003-02-01,2500.315,1870.0639791666665,436.68220146276593,193.5688193705676
2003-03-01,2197.936,1869.2130208333333,279.37887921099286,49.34409995567398
2003-04-01,1743.53,1867.4985833333333,-104.82176174645386,-19.14682158687944
2003-05-01,1514.697,1867.5033958333333,-299.91043506205676,-52.89596077127669
2003-06-01,1368.369,1869.3730624999998,-355.9899465868794,-145.01411591312052
2003-07-01,1600.484,1871.2176041666667,-249.53404454787233,-21.19955961879441
2003-08-01,1651.58,1871.7576874999997,-236.6286336436171,16.450946143617273
2003-09-01,1428.554,1870.265333333333,-371.28923337765957,-70.42209995567339
2003-10-01,1553.189,1865.6643749999998,-253.63930474290783,-58.83607025709193
2003-11-01,1753.642,1864.882083333333,-9.088791001773032,-102.15129233155987
2003-12-01,2263.659,1869.1771249999997,445.2590436613475,-50.777168661347105
2004-01-01,2675.834,1862.4610833333331,719.5820263741133,93.7908902925534
2004-02-01,2511.097,1860.418395833333,436.68220146276593,213.9964027039012
2004-03-01,2100.921,1857.6671041666664,279.37887921099286,-36.12498337765942
2004-04-01,1745.171,1853.5008541666664,-104.82176174645386,-3.5080924202124777
2004-05-01,1573.043,1851.7267708333331,-299.91043506205676,21.226664228723507
2004-06-01,1483.684,1850.8831458333334,-355.9899465868794,-11.209199246454034
2004-07-01,1584.933,1851.0976875000001,-249.53404454787233,-16.6306429521278
2004-08-01,1577.962,1851.63875,-236.6286336436171,-37.04811635638299
2004-09-01,1482.15,1849.97,-371.28923337765957,3.4692333776596342
2004-10-01,1557.224,1849.9357916666665,-253.63930474290783,-39.07248692375879
2004-11-01,1782.796,1846.8471666666665,-9.088791001773032,-54.96237566489337
2004-12-01,2327.73,1841.5115208333332,445.2590436613475,40.959435505319334
2005-01-01,2561.858,1836.8069374999998,719.5820263741133,5.469036125887101
2005-02-01,2242.986,1838.1743958333332,436.68220146276593,-31.87059729609922
2005-03-01,2205.787,1836.7242708333333,279.37887921099286,89.68384995567362
2005-04-01,1724.877,1838.1045416666666,-104.82176174645386,-8.40577992021278
2005-05-01,1522.613,1839.0560416666667,-299.91043506205676,-16.532606604609896
2005-06-01,1534.122,1842.9599583333334,-355.9899465868794,47.15198825354611
2005-07-01,1686.609,1844.2168333333334,-249.53404454787233,91.92621121453885
2005-08-01,1695.102,1849.3229583333332,-236.6286336436171,82.40767531028399
2005-09-01,1422.495,1852.7000833333332,-371.28923337765957,-58.91584995567371
2005-10-01,1428.227,1854.2503541666665,-253.63930474290783,-172.3840494237586
2005-11-01,1663.4,1855.9300208333334,-9.088791001773032,-183.4412298315603
2005-12-01,2326.36,1858.74675,445.2590436613475,22.354206338652602
2006-01-01,2165.268,1859.95,719.5820263741133,-414.2640263741133
2006-02-01,2144.378,1859.7755625,436.68220146276593,-152.07976396276575
2006-03-01,2126.369,1863.4584166666666,279.37887921099286,-16.46829587765933
2006-04-01,1681.005,1865.0982916666665,-104.82176174645386,-79.27152992021249
2006-05-01,1526.297,1865.1889583333332,-299.91043506205676,-38.98152327127639
2006-06-01,1550.879,1867.7144583333334,-355.9899465868794,39.154488253545935
2006-07-01,1758.733,1870.3229374999996,-249.53404454787233,137.94410704787265
2006-08-01,1751.683,1872.526645833333,-236.6286336436171,115.78498781028401
2006-09-01,1462.07,1872.0659166666665,-371.28923337765957,-38.706683289006946
2006-10-01,1644.231,1873.6871666666666,-253.63930474290783,24.18313807624122
2006-11-01,1765.375,1875.4713124999998,-9.088791001773032,-101.00752149822681
2006-12-01,2122.784,1876.9647083333334,445.2590436613475,-199.43975199468082
2007-01-01,2474.725,1880.4613541666668,719.5820263741133,-125.31838054078014
2007-02-01,2565.953,1882.3109791666666,436.68220146276593,246.95981937056746
2007-03-01,2128.33,1881.576125,279.37887921099286,-32.625004210992984
2007-04-01,1809.783,1881.9170833333333,-104.82176174645386,32.687678413120494
2007-05-01,1560.369,1881.5499791666666,-299.91043506205676,-21.27054410460994
2007-06-01,1555.757,1881.4309791666665,-355.9899465868794,30.315967420212985
2007-07-01,1660.814,1880.8568333333333,-249.53404454787233,29.491211214539135
2007-08-01,1896.674,1881.7366875,-236.6286336436171,251.56594614361705
2007-09-01,1590.656,1884.9118125,-371.28923337765957,77.03342087765952
2007-10-01,1627.602,1889.8670416666666,-253.63930474290783,-8.625736923758723
2007-11-01,1834.266,1892.1954999999998,-9.088791001773032,-48.8407089982267
2007-12-01,2398.862,1895.6239375,445.2590436613475,57.979018838652564
2008-01-01,2733.59,1909.0514374999998,719.5820263741133,104.95653612588706
2008-02-01,2502.724,1916.0633541666666,436.68220146276593,149.97844437056762
2008-03-01,2277.698,1916.4082708333335,279.37887921099286,81.91084995567348
2008-04-01,1823.885,1916.6334375000001,-104.82176174645386,12.073324246453723
2008-05-01,1577.395,1918.5287916666666,-299.91043506205676,-41.223356604609876
2008-06-01,1604.908,1920.583708333333,-355.9899465868794,40.31423825354619
2008-07-01,1710.14,1921.9815208333334,-249.53404454787233,37.69252371453899
2008-08-01,1683.74,1924.6324166666666,-236.6286336436171,-4.263783023049484
2008-09-01,1460.035,1928.2870208333334,-371.28923337765957,-96.96278745567372
2008-10-01,1635.044,1928.7184166666666,-253.63930474290783,-40.03511192375868
2008-11-01,1868.435,1933.0500625,-9.088791001773032,-55.52627149822699
2008-12-01,2399.413,1945.3681875000002,445.2590436613475,8.785768838652302
2009-01-01,2729.697,1953.9914166666667,719.5820263741133,56.12355695922008
2009-02-01,2331.768,1951.6257916666668,436.68220146276593,-56.53999312943273
2009-03-01,2170.514,1953.7541875,279.37887921099286,-62.61906671099268
2009-04-01,1741.243,1954.0716874999998,-104.82176174645386,-108.00692575354603
2009-05-01,1504.992,1956.3014166666667,-299.91043506205676,-151.39898160460996
2009-06-01,1528.41,1958.4176041666665,-355.9899465868794,-74.017657579787
2009-07-01,1659.05,1963.2030416666664,-249.53404454787233,-54.61899711879414
2009-08-01,1737.335,1963.1011458333332,-236.6286336436171,10.86248781028388
2009-09-01,1574.901,1964.4548541666663,-371.28923337765957,-18.2646207890067
2009-10-01,1666.078,1966.8892708333333,-253.63930474290783,-47.171966090425485
2009-11-01,1775.166,1971.0060624999996,-9.088791001773032,-186.75127149822669
2009-12-01,2490.925,1973.9855624999998,445.2590436613475,71.68039383865289
2010-01-01,2809.788,1974.4561875,719.5820263741133,115.74978612588677
2010-02-01,2480.95,1974.4130624999998,436.68220146276593,69.85473603723409
2010-03-01,2142.925,1971.2893749999998,279.37887921099286,-107.74325421099252
2010-04-01,1691.813,1973.9807499999997,-104.82176174645386,-177.34598825354576
2010-05-01,1617.274,1980.1565833333332,-299.91043506205676,-62.972148271276524
2010-06-01,1649.515,1985.645083333333,-355.9899465868794,19.859863253546393
2010-07-01,1825.828,1993.1374374999998,-249.53404454787233,82.2246070478725
2010-08-01,1878.926,1999.9098333333332,-236.6286336436171,115.64480031028387
2010-09-01,1637.491,2007.1426041666666,-371.28923337765957,1.637629210992941
2010-10-01,1664.938,2012.6851041666666,-253.63930474290783,-94.1077994237587
2010-11-01,1973.294,2018.9227291666666,-9.088791001773032,-36.539938164893485
2010-12-01,2714.054,2021.0996875,445.2590436613475,247.6952688386525
2011-01-01,2888.64,2024.2056874999998,719.5820263741133,144.85228612588674
2011-02-01,2452.403,2029.1095833333334,436.68220146276593,-13.388784796099515
2011-03-01,2230.493,2036.4136250000001,279.37887921099286,-85.29950421099306
2011-04-01,1825.023,2041.1264375,-104.82176174645386,-111.2816757535463
2011-05-01,1667.396,2046.282208333333,-299.91043506205676,-78.97577327127635
2011-06-01,1657.334,2050.751104166666,-355.9899465868794,-37.42715757978675
2011-07-01,1890.515,2056.3194375,-249.53404454787233,83.7296070478726
2011-08-01,1891.783,2060.2786875,-236.6286336436171,68.13294614361683
2011-09-01,1655.634,2064.2801874999996,-371.28923337765957,-37.35695412233997
2011-10-01,1744.454,2068.4611041666667,-253.63930474290783,-70.36779942375892
2011-11-01,2031.872,2079.747416666666,-9.088791001773032,-38.78662566489304
2011-12-01,2541.878,2088.7036875,445.2590436613475,7.915268838652764
2012-01-01,2756.18,2096.919125,719.5820263741133,-60.321151374113356
2012-02-01,2500.654,2102.341833333333,436.68220146276593,-38.37003479609888
2012-03-01,2127.761,2110.9869375,279.37887921099286,-262.60481671099274
2012-04-01,1953.071,2116.609125,-104.82176174645386,-58.71636325354618
2012-05-01,1873.835,2120.6288750000003,-299.91043506205676,53.116560062056465
2012-06-01,1868.356,2122.6254583333334,-355.9899465868794,101.72048825354597
2012-07-01,2069.773,2123.7752291666666,-249.53404454787233,195.5318153812059
2012-08-01,2008.815,2124.9030416666665,-236.6286336436171,120.54059197695068
2012-09-01,1807.208,2128.4822083333333,-371.28923337765957,50.01502504432631
2012-10-01,1901.084,2133.6462083333336,-253.63930474290783,21.077096409574324
2012-11-01,2167.841,2141.6509375000005,-9.088791001773032,35.27885350177242
2012-12-01,2503.907,2140.9240833333333,445.2590436613475,-82.27612699468068
2013-01-01,2878.785,2145.6395416666664,719.5820263741133,13.563431959220111
2013-02-01,2567.155,2155.488895833333,436.68220146276593,-25.01609729609885
2013-03-01,2521.108,2163.0063125,279.37887921099286,78.72280828900716
2013-04-01,1967.458,2166.8167083333333,-104.82176174645386,-94.53694658687934
2013-05-01,1752.469,2170.7907291666666,-299.91043506205676,-118.41129410460974
2013-06-01,1742.917,2175.8443125,-355.9899465868794,-76.93736591312057
2013-07-01,1926.33,2179.5359583333334,-249.53404454787233,-3.671913785461129
2013-08-01,1927.379,2182.888979166667,-236.6286336436171,-18.881345523050015
2013-09-01,1766.973,2188.007791666667,-371.28923337765957,-49.74555828900736
2013-10-01,1866.762,2193.0672916666667,-253.63930474290783,-72.66598692375896
2013-11-01,2316.909,2197.5937083333333,-9.088791001773032,128.4040826684398
2013-12-01,2920.826,2198.5580833333333,445.2590436613475,277.0088730053192
2014-01-01,3204.129,2205.5479791666667,719.5820263741133,278.99899445921994
2014-02-01,2741.24,2208.7064375,436.68220146276593,95.85136103723386
2014-03-01,2557.89,2213.4676249999998,279.37887921099286,65.04349578900724
2014-04-01,1961.678,2216.1921458333336,-104.82176174645386,-149.69238408687963
2014-05-01,1810.222,2218.1080625000004,-299.91043506205676,-107.97562743794367
2014-06-01,1745.351,2220.8643125,-355.9899465868794,-119.52336591312036
2014-07-01,1881.017,2223.2985416666666,-249.53404454787233,-92.74749711879417
2014-08-01,1933.061,2227.4560416666664,-236.6286336436171,-57.76640802304934
2014-09-01,1809.291,2230.3840416666667,-371.28923337765957,-49.80380828900718
2014-10-01,1912.81,2230.8865208333336,-253.63930474290783,-64.43721609042586
2014-11-01,2357.521,2230.711604166667,-9.088791001773032,135.8981868351064
2014-12-01,2679.165,2238.2608958333335,445.2590436613475,-4.354939494681048
2015-01-01,3114.982,2239.0119791666666,719.5820263741133,156.38799445922007
2015-02-01,2925.172,2234.302041666667,436.68220146276593,254.18775687056728
2015-03-01,2591.329,2234.367770833333,279.37887921099286,77.58234995567432
2015-04-01,2007.922,2233.644583333333,-104.82176174645386,-120.90082158687889
2015-05-01,1858.149,2236.5574374999997,-299.91043506205676,-78.498002437943
2015-06-01,1899.906,2240.0468333333333,-355.9899465868794,15.849113253546022
2015-07-01,2067.714,2244.5374375,-249.53404454787233,72.71060704787214
2015-08-01,2052.728,2248.0135833333334,-236.6286336436171,41.343050310283786
2015-09-01,1901.337,2251.2065,-371.28923337765957,21.41973337765978
2015-10-01,1987.31,2254.6425833333333,-253.63930474290783,-13.693278590425507
2015-11-01,2249.14,2255.4949374999997,-9.088791001773032,2.733853501773254
2015-12-01,2588.168,2258.9030416666665,445.2590436613475,-115.99408532801385
2016-01-01,3091.695,2261.7636875,719.5820263741133,110.34928612588703
2016-02-01,2652.26,2261.1387083333334,436.68220146276593,-45.56090979609911
2016-03-01,2356.298,2266.1372083333335,279.37887921099286,-189.21808754432664
2016-04-01,2083.848,2274.2586874999997,-104.82176174645386,-85.58892575354591
2016-05-01,1965.799,2279.3812708333335,-299.91043506205676,-13.671835771276733
2016-06-01,2000.656,2286.0252083333335,-355.9899465868794,70.62073825354588
2016-07-01,2186.616,2295.841833333333,-249.53404454787233,140.30821121453937
2016-08-01,2208.375,2303.805875,-236.6286336436171,141.19775864361708
2016-09-01,1947.752,2311.0542916666664,-371.28923337765957,7.986941710993165
2016-10-01,1925.203,2318.8293541666662,-253.63930474290783,-139.98704942375844
2016-11-01,2159.445,2326.3024374999995,-9.088791001773032,-157.76864649822636
2016-12-01,2866.273,2332.984895833333,445.2590436613475,88.02906050531942
2017-01-01,2914.837,2339.4445208333336,719.5820263741133,-144.18954720744694
2017-02-01,2341.078,2341.4216875,436.68220146276593,-437.02588896276615
2017-03-01,2524.263,2348.4466041666665,279.37887921099286,-103.56248337765942
2017-04-01,1932.745,2352.7294375,-104.82176174645386,-315.1626757535464
2017-05-01,1892.286,2358.500020833333,-299.91043506205676,-166.3035857712763
2017-06-01,1910.408,2363.0909166666665,-355.9899465868794,-96.69297007978724
2017-07-01,2141.879,2369.913125,-249.53404454787233,21.499919547872196
2017-08-01,2094.234,2377.8806458333333,-236.6286336436171,-47.01801218971633
2017-09-01,1920.233,2384.251125,-371.28923337765957,-92.72889162234026
2017-10-01,2031.694,2390.921083333333,-253.63930474290783,-105.58777859042539
2017-11-01,2357.822,2402.0687499999995,-9.088791001773032,-35.157958998226306
2017-12-01,3084.415,2414.2232291666664,445.2590436613475,224.93272717198602
2018-01-01,3341.44,2419.1305208333333,719.5820263741133,202.72745279255344
2018-02-01,2711.241,2427.673,436.68220146276593,-153.11420146276572
2018-03-01,2797.818,2435.3647708333333,279.37887921099286,83.07434995567405
2018-04-01,2351.509,2439.1089583333332,-104.82176174645386,17.221803413120625
2018-05-01,2056.106,2441.418791666666,-299.91043506205676,-85.40235660460905
2018-06-01,2064.26,2444.201458333333,-355.9899465868794,-23.951511746453377
2018-07-01,2352.215,2450.069875,-249.53404454787233,151.67916954787233
2018-08-01,2315.335,2454.151291666667,-236.6286336436171,97.81234197695011
2018-09-01,2157.215,2458.509541666667,-371.28923337765957,69.99469171099292
2018-10-01,2286.013,2466.745,-253.63930474290783,72.90730474290785
2018-11-01,2716.229,2472.7262708333337,-9.088791001773032,252.5915201684391
2018-12-01,2999.923,2479.432083333333,445.2590436613475,75.23187300531913
2019-01-01,3425.044,2488.1900416666667,719.5820263741133,217.27193195921984
2019-02-01,3020.076,2503.9116875,436.68220146276593,79.48211103723412
2019-03-01,2928.525,2506.325,279.37887921099286,142.8211207890074
2019-04-01,2213.498,2513.3849375,-104.82176174645386,-195.06517575354607
2019-05-01,2135.137,2518.0543958333333,-299.91043506205676,-83.00696077127634
2019-06-01,2120.269,2524.9632083333336,-355.9899465868794,-48.70426174645439
2019-07-01,2395.18,2530.7071875,-249.53404454787233,114.00685704787202
2019-08-01,2435.169,2537.832854166666,-236.6286336436171,133.96477947695092
2019-09-01,2207.12,2542.3740624999996,-371.28923337765957,36.03517087765988
2019-10-01,2307.468,2547.1164375,-253.63930474290783,13.990867242907825
2019-11-01,2784.228,2553.9321874999996,-9.088791001773032,239.38460350177348
2019-12-01,3171.583,2552.344833333333,445.2590436613475,173.97912300531948
2020-01-01,3327.245,2557.340708333333,719.5820263741133,50.322265292553425
2020-02-01,3062.299,2564.3663749999996,436.68220146276593,61.25042353723444
2020-03-01,2725.503,2563.956958333333,279.37887921099286,-117.83283754432591
2020-04-01,2263.569,2564.0322916666664,-104.82176174645386,-195.6415299202126
2020-05-01,2076.671,2567.8345416666666,-299.91043506205676,-191.25310660461002
2020-06-01,2134.224,2573.066770833333,-355.9899465868794,-82.85282424645351
2020-07-01,2468.3,2577.974395833333,-249.53404454787233,139.85964871453962
2020-08-01,2404.283,2583.159583333333,-236.6286336436171,57.75205031028389
2020-09-01,2156.948,2585.9556666666667,-371.28923337765957,-57.718433289007294
2020-10-01,2320.505,2587.5068541666665,-253.63930474290783,-13.362549423758537
2020-11-01,2446.546,2588.5426666666663,-9.088791001773032,-132.90787566489342
2020-12-01,3188.152,2596.3551875000003,445.2590436613475,146.53776883865225
2021-01-01,3335.219,2593.7858750000005,719.5820263741133,21.851098625886266
2021-02-01,3095.717,2592.2727083333334,436.68220146276593,66.76209020390075
2021-03-01,2640.102,2593.9693541666666,279.37887921099286,-233.24623337765956
2021-04-01,2271.622,2598.3011874999997,-104.82176174645386,-221.85742575354604
2021-05-01,2116.42,2602.063958333333,-299.91043506205676,-185.73352327127634
2021-06-01,2242.031,2606.9856041666662,-355.9899465868794,-8.964657579786888
2021-07-01,2417.59,2612.617645833333,-249.53404454787233,54.5063987145395
2021-08-01,2436.266,2617.5925416666664,-236.6286336436171,55.30209197695075
2021-09-01,2138.211,2620.946520833333,-371.28923337765957,-111.44628745567377
2021-10-01,2259.328,2623.7244791666662,-253.63930474290783,-110.75717442375844
2021-11-01,2684.978,2624.574083333333,-9.088791001773032,69.49270766844013
2021-12-01,3008.222,,445.2590436613475,
2022-01-01,3581.242,,719.5820263741133,
2022-02-01,3048.473,,436.68220146276593,
2022-03-01,2778.166,,279.37887921099286,
2022-04-01,2355.125,,-104.82176174645386,
2022-05-01,2238.614,,-299.91043506205676,
2022-06-01,2315.407,,-355.9899465868794,
2022-07-01,2587.781,,-249.53404454787233,
2022-08-01,2564.224,,-236.6286336436171,
2022-09-01,2291.427,,-371.28923337765957,
2022-10-01,2360.47,,-253.63930474290783,
2022-11-01,2765.948,,-9.088791001773032,
2022-12-01,3374.924,,445.2590436613475,
2023-01-01,3301.717,,719.5820263741133,
2023-02-01,2947.444,,436.68220146276593,
2023-03-01,3009.964,,279.37887921099286,
2023-04-01,2421.426,,-104.82176174645386,
2023-05-01,2315.75,,-299.91043506205676,
2023-06-01,2356.508,,-355.9899465868794,
2023-07-01,2665.518,,-249.53404454787233,
2023-08-01,2673.964,,-236.6286336436171,
2023-09-01,2368.111,,-371.28923337765957,
2023-10-01,2440.81,,-253.63930474290783,
2023-11-01,2825.009,,-9.088791001773032,
