Date,Natural Gas Production,Trend,Seasonal,Residual
1973-01-01,1.9082491,,0.07525896655585107,
1973-02-01,1.9225431,,-0.09432937045656029,
1973-03-01,1.868431,,0.05574433636968086,
1973-04-01,1.7775611,,-0.019225290004432634,
1973-05-01,1.8592411,,0.016481935616134757,
1973-06-01,1.8020651,,-0.044700397229609945,
1973-07-01,1.8418841,,0.008605612344858151,
1973-08-01,1.8571991,,0.0066809043661347186,
1973-09-01,1.8030861,,-0.06580501819592198,
1973-10-01,1.8367791,,0.010366542486702117,
1973-11-01,1.8255481,,-0.01203830600620565,
1973-12-01,1.8868081,,0.06296008415336883,
1974-01-01,1.8954241,,0.07525896655585107,
1974-02-01,1.7285121,,-0.09432937045656029,
1974-03-01,1.8606081,,0.05574433636968086,
1974-04-01,1.7479681,,-0.019225290004432634,
1974-05-01,1.8135041,,0.016481935616134757,
1974-06-01,1.7090561,,-0.044700397229609945,
1974-07-01,1.7848321,,0.008605612344858151,
1974-08-01,1.7571841,,0.0066809043661347186,
1974-09-01,1.7233921,,-0.06580501819592198,
1974-10-01,1.7346561,,0.010366542486702117,
1974-11-01,1.6977921,,-0.01203830600620565,
1974-12-01,1.7571841,1.7191763854166666,0.06296008415336883,-0.024952369570035535
1975-01-01,1.7377421,1.7148371354166665,0.07525896655585107,-0.052354001972517605
1975-02-01,1.6070541,1.70886003125,-0.09432937045656029,-0.0074765607934396405
1975-03-01,1.6979231,1.7055843041666665,0.05574433636968086,-0.06340554053634746
1975-04-01,1.6325791,1.7020108041666666,-0.019225290004432634,-0.05020641416223392
1975-05-01,1.6499361,1.6977140958333332,0.016481935616134757,-0.06425993144946807
1975-06-01,1.5958231,1.69373645,-0.044700397229609945,-0.053212952770390065
1975-07-01,1.6376841,1.6894397416666667,0.008605612344858151,-0.06036125401152484
1975-08-01,1.6376841,1.6842283875,0.0066809043661347186,-0.05322519186613467
1975-09-01,1.5651931,1.6792084895833332,-0.06580501819592198,-0.04821037138741137
1975-10-01,1.6080751,1.67408221875,0.010366542486702117,-0.0763736612367021
1975-11-01,1.5805081,1.6687432395833333,-0.01203830600620565,-0.07619683357712753
1975-12-01,1.6897551,1.6645741562499998,0.06296008415336883,-0.0377791404033687
1976-01-01,1.709521,1.6605176354166664,0.07525896655585107,-0.026255601972517417
1976-02-01,1.607521,1.6580278229166665,-0.09432937045656029,0.04382254753989376
1976-03-01,1.673821,1.6547815520833333,0.05574433636968086,-0.03670488845301419
1976-04-01,1.585081,1.65226853125,-0.019225290004432634,-0.047962241245567465
1976-05-01,1.633021,1.6483052604166666,0.016481935616134757,-0.031766196032801286
1976-06-01,1.60141,1.6456900520833333,-0.044700397229609945,0.0004203451462766461
1976-07-01,1.636081,1.6429185312499999,0.008605612344858151,-0.015443143594858124
1976-08-01,1.597321,1.64000121875,0.0066809043661347186,-0.049361123116134664
1976-09-01,1.527961,1.6361320312499998,-0.06580501819592198,-0.04236601305407796
1976-10-01,1.600381,1.6332170104166663,0.010366542486702117,-0.0432025529033684
1976-11-01,1.597321,1.630496802083333,-0.01203830600620565,-0.02113749607712739
1976-12-01,1.711561,1.6286409479166666,0.06296008415336883,0.019959967929964698
1977-01-01,1.6999651,1.6286409479166666,0.07525896655585107,-0.003934814472517645
1977-02-01,1.6356421,1.629002552083333,-0.09432937045656029,0.10096891837322727
1977-03-01,1.7111961,1.62949178125,0.05574433636968086,0.025959982380319088
1977-04-01,1.6060331,1.63006609375,-0.019225290004432634,-0.004807703745567264
1977-05-01,1.6529991,1.6307467604166666,0.016481935616134757,0.005770403967198634
1977-06-01,1.6111381,1.6310658229166668,-0.044700397229609945,0.024772674312943166
1977-07-01,1.6356421,1.6308956562499999,0.008605612344858151,-0.0038591685948579334
1977-08-01,1.6070541,1.6312785312499998,0.0066809043661347186,-0.03090533561613445
1977-09-01,1.562131,1.6320655708333331,-0.06580501819592198,-0.00412955263741123
1977-10-01,1.5907181,1.633405633333333,0.010366542486702117,-0.05305407582003531
1977-11-01,1.5692771,1.6357028833333331,-0.01203830600620565,-0.0543874773271274
1977-12-01,1.6866921,1.6377448833333332,0.06296008415336883,-0.014012867486702149
1978-01-01,1.7007111,1.6395574895833334,0.07525896655585107,-0.01410535613918451
1978-02-01,1.6090011,1.6411865958333334,-0.09432937045656029,0.062143874623226875
1978-03-01,1.7047871,1.6439353458333335,0.05574433636968086,0.0051074177969858
1978-04-01,1.6273431,1.6452410770833334,-0.019225290004432634,0.0013273129210992288
1978-05-01,1.6232671,1.6460610770833333,0.016481935616134757,-0.03927591269946795
1978-06-01,1.5835261,1.6452952645833334,-0.044700397229609945,-0.017068767353723424
1978-07-01,1.6517991,1.6444269958333333,0.008605612344858151,-0.0012335081781913691
1978-08-01,1.6171531,1.6435326208333334,0.0066809043661347186,-0.033060425199468224
1978-09-01,1.5376711,1.6441473520833334,-0.06580501819592198,-0.040671233887411354
1978-10-01,1.5947351,1.6446854770833335,0.010366542486702117,-0.0603169195700355
1978-11-01,1.5672221,1.6453514583333333,-0.01203830600620565,-0.0660910523271277
1978-12-01,1.6681031,1.6466513145833332,0.06296008415336883,-0.04150829873670213
1979-01-01,1.7377421,1.6472659604166666,0.07525896655585107,0.015217173027482267
1979-02-01,1.6244111,1.6455405854166667,-0.09432937045656029,0.07319988503989369
1979-03-01,1.7214061,1.6455789187499998,0.05574433636968086,0.020082844880319348
1979-04-01,1.6601461,1.6465457937499999,-0.019225290004432634,0.032825596254432717
1979-05-01,1.6826081,1.6470263145833333,0.016481935616134757,0.01909984980053192
1979-06-01,1.6111381,1.64707379375,-0.044700397229609945,0.008764703479610003
1979-07-01,1.6295161,1.6471884604166667,0.008605612344858151,-0.026277972761524795
1979-08-01,1.6560621,1.6487759395833332,0.0066809043661347186,0.0006052560505320241
1979-09-01,1.602971,1.6486676291666664,-0.06580501819592198,0.020108389029255477
1979-10-01,1.6723981,1.6493116916666666,0.010366542486702117,0.012719865846631413
1979-11-01,1.6907761,1.6491828791666665,-0.01203830600620565,0.053631526839539034
1979-12-01,1.7877711,1.6493679833333332,0.06296008415336883,0.075443032513298
1980-01-01,1.7965261,1.6495524208333332,0.07525896655585107,0.07171471261081563
1980-02-01,1.6857181,1.6486705666666666,-0.09432937045656029,0.13137690378989383
1980-03-01,1.805761,1.6476778374999999,0.05574433636968086,0.10233882613031924
1980-04-01,1.6477561,1.6463496083333333,-0.019225290004432634,0.020631781671099365
1980-05-01,1.672381,1.6445066291666666,0.016481935616134757,0.011392435217198571
1980-06-01,1.564651,1.6425278374999999,-0.044700397229609945,-0.033176440270389906
1980-07-01,1.5944041,1.639555025,0.008605612344858151,-0.05375653734485811
1980-08-01,1.554391,1.6366186708333332,0.0066809043661347186,-0.08890857519946788
1980-09-01,1.5574681,1.6340746083333333,-0.06580501819592198,-0.010801490137411399
1980-10-01,1.626211,1.6309413979166667,0.010366542486702117,-0.015096940403368746
1980-11-01,1.6292881,1.6287026249999998,-0.01203830600620565,0.012623781006205707
1980-12-01,1.7739541,1.6250688958333332,0.06296008415336883,0.08592512001329801
1981-01-01,1.7294681,1.6216035,0.07525896655585107,0.03260563344414902
1981-02-01,1.5528241,1.6161678124999999,-0.09432937045656029,0.03098565795656047
1981-03-01,1.7130361,1.6095275833333331,0.05574433636968086,0.04776418029698608
1981-04-01,1.6524431,1.6035814791666665,-0.019225290004432634,0.06808691083776608
1981-05-01,1.6760641,1.597096333333333,0.016481935616134757,0.06248583105053229
1981-06-01,1.6134171,1.5912038124999999,-0.044700397229609945,0.06691368472961001
1981-07-01,1.6411461,1.5859283958333332,0.008605612344858151,0.04661209182180867
1981-08-01,1.6832531,1.5795967291666666,0.0066809043661347186,0.09697546646719862
1981-09-01,1.5569321,1.5730221895833332,-0.06580501819592198,0.049714928612588846
1981-10-01,1.6216331,1.5663696270833332,0.010366542486702117,0.04489693042996466
1981-11-01,1.5630941,1.5592573145833333,-0.01203830600620565,0.015875091422872415
1981-12-01,1.6955771,1.5524948125,0.06296008415336883,0.08012220334663113
1982-01-01,1.7095641,1.5505357479166666,0.07525896655585107,0.08376938552748225
1982-02-01,1.5666721,1.5462183104166667,-0.09432937045656029,0.1147831600398935
1982-03-01,1.6571361,1.5402883749999998,0.05574433636968086,0.06110338863031932
1982-04-01,1.5635881,1.536969,-0.019225290004432634,0.04584439000443264
1982-05-01,1.5348041,1.5330595437499999,0.016481935616134757,-0.014737379366134729
1982-06-01,1.4885441,1.5304191916666667,-0.044700397229609945,0.0028253055629431367
1982-07-01,1.5091041,1.5282699000000002,0.008605612344858151,-0.027771412344858273
1982-08-01,1.4762081,1.5264999854166668,0.0066809043661347186,-0.05697278978280146
1982-09-01,1.4155561,1.5232215270833334,-0.06580501819592198,-0.041860408887411285
1982-10-01,1.444341,1.5200015270833334,0.010366542486702117,-0.08602706957003538
1982-11-01,1.459761,1.5166555458333333,-0.01203830600620565,-0.04485623982712755
1982-12-01,1.4936841,1.5128995458333332,0.06296008415336883,-0.08217552998670195
1983-01-01,1.5714031,1.5105207333333333,0.07525896655585107,-0.014376599889184383
1983-02-01,1.3634981,1.5087332958333333,-0.09432937045656029,-0.050905825376773045
1983-03-01,1.4026751,1.5035472541666666,0.05574433636968086,-0.15661649053634746
1983-04-01,1.3747331,1.4978655041666666,-0.019225290004432634,-0.10390711416223397
1983-05-01,1.3713211,1.4913890666666667,0.016481935616134757,-0.1365499022828014
1983-06-01,1.3282971,1.48525165,-0.044700397229609945,-0.11225415277039008
1983-07-01,1.3762961,1.4792015458333332,0.008605612344858151,-0.11151105817819132
1983-08-01,1.3521421,1.4722103583333332,0.0066809043661347186,-0.12674916269946795
1983-09-01,1.2873931,1.4672917125,-0.06580501819592198,-0.11409359430407796
1983-10-01,1.3530751,1.4621797958333334,0.010366542486702117,-0.11947123832003538
1983-11-01,1.3493851,1.4583787958333332,-0.01203830600620565,-0.09695538982712765
1983-12-01,1.463171,1.4562639833333333,0.06296008415336883,-0.05605306748670212
1984-01-01,1.702491,1.4537906499999997,0.07525896655585107,0.17344138344414917
1984-02-01,1.4784811,1.4498854833333332,-0.09432937045656029,0.12292498712322705
1984-03-01,1.5211241,1.445863108333333,0.05574433636968086,0.019516655296986027
1984-04-01,1.4884261,1.4406871291666665,-0.019225290004432634,0.06696426083776619
1984-05-01,1.4847271,1.4366383374999998,0.016481935616134757,0.0316068268838654
1984-06-01,1.4379141,1.4323391083333332,-0.044700397229609945,0.050275388896276696
1984-07-01,1.4912381,1.4284693791666667,0.008605612344858151,0.054163108488475026
1984-08-01,1.4694351,1.4252850645833335,0.0066809043661347186,0.0374691310505319
1984-09-01,1.4001021,1.4220225645833333,-0.06580501819592198,0.04388455361258868
1984-10-01,1.471651,1.4197087124999999,0.010366542486702117,0.04157574501329807
1984-11-01,1.468681,1.4187587979166665,-0.01203830600620565,0.06196050808953907
1984-12-01,1.5936661,1.419218964583333,0.06296008415336883,0.11148705126329818
1985-01-01,1.6152851,1.4195294854166667,0.07525896655585107,0.12049664802748217
1985-02-01,1.4670271,1.4208216729166665,-0.09432937045656029,0.1405347975398937
1985-03-01,1.4641061,1.4229675270833333,0.05574433636968086,-0.01460576345301419
1985-04-01,1.3797191,1.4235594020833333,-0.019225290004432634,-0.024615012078900704
1985-05-01,1.3651951,1.4238880479166667,0.016481935616134757,-0.07517488353280144
1985-06-01,1.3188211,1.42389256875,-0.044700397229609945,-0.060371071520389896
1985-07-01,1.3507411,1.42328519375,0.008605612344858151,-0.08114970609485808
1985-08-01,1.3476761,1.4236800895833333,0.0066809043661347186,-0.08268489394946804
1985-09-01,1.3208371,1.4241060895833333,-0.06580501819592198,-0.03746397138741121
1985-10-01,1.3762611,1.4255472562499998,0.010366542486702117,-0.059652698736701884
1985-11-01,1.3806461,1.42794494375,-0.01203830600620565,-0.035260537743794285
1985-12-01,1.5940661,1.4305195916666666,0.06296008415336883,0.10058642417996456
1986-01-01,1.5908441,1.42908971875,0.07525896655585107,0.0864954146941489
1986-02-01,1.3792241,1.4292822395833333,-0.09432937045656029,0.04427123087322701
1986-03-01,1.4640621,1.42992534375,0.05574433636968086,-0.02160758011968074
1986-04-01,1.3151411,1.4285152375,-0.019225290004432634,-0.09414884749556751
1986-05-01,1.3404621,1.4278860916666667,0.016481935616134757,-0.10390592728280135
1986-06-01,1.2821811,1.426735675,-0.044700397229609945,-0.09985417777038996
1986-07-01,1.3233571,1.4248551104166667,0.008605612344858151,-0.11010362276152488
1986-08-01,1.323361,1.4238387354166666,0.0066809043661347186,-0.10715863978280132
1986-09-01,1.2589561,1.4225965895833332,-0.06580501819592198,-0.09783547138741124
1986-10-01,1.3332761,1.4222812791666666,0.010366542486702117,-0.09937172165336873
1986-11-01,1.4141651,1.4225984270833332,-0.01203830600620565,0.0036049789228724295
1986-12-01,1.5157721,1.4219917395833332,0.06296008415336883,0.030820276263297877
1987-01-01,1.5863081,1.4213550520833333,0.07525896655585107,0.08969408136081569
1987-02-01,1.4255231,1.4213015104166669,-0.09432937045656029,0.09855096003989336
1987-03-01,1.5056761,1.4231354270833334,0.05574433636968086,0.026796336546985808
1987-04-01,1.4031431,1.4251852375,-0.019225290004432634,-0.0028168474955673137
1987-05-01,1.3870961,1.4279460708333334,0.016481935616134757,-0.05733190644946817
1987-06-01,1.3285141,1.4304017999999998,-0.044700397229609945,-0.05718730277038986
1987-07-01,1.3471421,1.4327719041666667,0.008605612344858151,-0.09423541651152492
1987-08-01,1.3710971,1.4349870083333334,0.0066809043661347186,-0.07057081269946802
1987-09-01,1.3078411,1.4363007791666667,-0.06580501819592198,-0.06265466097074458
1987-10-01,1.4222511,1.4378748833333332,0.010366542486702117,-0.025990325820035368
1987-11-01,1.4644741,1.4406169041666668,-0.01203830600620565,0.03589550183953877
1987-12-01,1.5867541,1.4400522791666668,0.06296008415336883,0.08374173667996444
1988-01-01,1.6338571,1.4415780708333332,0.07525896655585107,0.11702006261081566
1988-02-01,1.4877221,1.4437288395833332,-0.09432937045656029,0.13832263087322713
1988-03-01,1.5519931,1.4459893395833332,0.05574433636968086,0.050259424046985954
1988-04-01,1.420741,1.4496486312499999,-0.019225290004432634,-0.00968234124556721
1988-05-01,1.4545281,1.4531292979166666,0.016481935616134757,-0.015083133532801218
1988-06-01,1.3826941,1.4569575479166665,-0.044700397229609945,-0.02956305068705667
1988-07-01,1.400971,1.46044294375,0.008605612344858151,-0.06807755609485813
1988-08-01,1.4206491,1.4640475270833333,0.0066809043661347186,-0.05007933144946791
1988-09-01,1.3404791,1.46768169375,-0.06580501819592198,-0.06139757555407789
1988-10-01,1.4565161,1.4723792145833332,0.010366542486702117,-0.026229657070035342
1988-11-01,1.4839041,1.47533288125,-0.01203830600620565,0.020609524756205647
1988-12-01,1.5645451,1.4772472333333333,0.06296008415336883,0.02433778251329778
1989-01-01,1.5847241,1.4787460437499997,0.07525896655585107,0.03071908969414927
1989-02-01,1.4644571,1.4794459187499998,-0.09432937045656029,0.07934055170656049
1989-03-01,1.5521341,1.4810056062499999,0.05574433636968086,0.015384157380319216
1989-04-01,1.47811,1.4831520229166666,-0.019225290004432634,0.014183267087766079
1989-05-01,1.4977151,1.485439,0.016481935616134757,-0.0042058356161347454
1989-06-01,1.4366961,1.4874860625,-0.044700397229609945,-0.006089565270389952
1989-07-01,1.4645061,1.4894404374999999,0.008605612344858151,-0.033539949844858113
1989-08-01,1.4540011,1.4910166041666666,0.0066809043661347186,-0.04369640853280138
1989-09-01,1.3838981,1.4937695624999998,-0.06580501819592198,-0.044066444304077926
1989-10-01,1.4518181,1.4965247083333333,0.010366542486702117,-0.05507315082003551
1989-11-01,1.5122631,1.4987968958333333,-0.01203830600620565,0.02550451017287231
1989-12-01,1.5669641,1.5000164145833335,0.06296008415336883,0.003987601263297794
1990-01-01,1.6640821,1.50000239375,0.07525896655585107,0.08882073969414883
1990-02-01,1.482461,1.4990152875,-0.09432937045656029,0.0777750829565603
1990-03-01,1.5725661,1.4983372041666665,0.05574433636968086,0.018484559463652614
1990-04-01,1.4907871,1.499796539583333,-0.019225290004432634,0.010215850421099522
1990-05-01,1.5075341,1.5013507687499998,0.016481935616134757,-0.010298604366134612
1990-06-01,1.4659371,1.5035388729166665,-0.044700397229609945,0.007098624312943502
1990-07-01,1.4906561,1.5063428958333331,0.008605612344858151,-0.02429240817819125
1990-08-01,1.496381,1.507889602083333,0.0066809043661347186,-0.01818950644946776
1990-09-01,1.4333961,1.5108073499999999,-0.06580501819592198,-0.011606231804077952
1990-10-01,1.5587571,1.513351620833333,0.010366542486702117,0.03503893667996481
1990-11-01,1.5559411,1.5149158083333332,-0.01203830600620565,0.05306359767287255
1990-12-01,1.607661,1.5161935791666665,0.06296008415336883,0.028507336679964648
1991-01-01,1.658251,1.5167865791666664,0.07525896655585107,0.06620545427748248
1991-02-01,1.4591171,1.5164808916666666,-0.09432937045656029,0.03696557878989379
1991-03-01,1.5805411,1.51731235,0.05574433636968086,0.007484413630319084
1991-04-01,1.5061711,1.5179758729166666,-0.019225290004432634,0.007420517087766039
1991-05-01,1.496871,1.5187551020833332,0.016481935616134757,-0.03836603769946789
1991-06-01,1.4267731,1.51972833125,-0.044700397229609945,-0.048254834020390214
1991-07-01,1.4409521,1.5207836020833332,0.008605612344858151,-0.08843711442819127
1991-08-01,1.4467531,1.5224402270833333,0.0066809043661347186,-0.08236803144946797
1991-09-01,1.4399831,1.5249303312499998,-0.06580501819592198,-0.01914221305407772
1991-10-01,1.5544981,1.5277374145833331,0.010366542486702117,0.01639414292996476
1991-11-01,1.5735391,1.5293823729166665,-0.01203830600620565,0.05619503308953927
1991-12-01,1.645291,1.5315425812499999,0.06296008415336883,0.05078833459663136
1992-01-01,1.6331841,1.5314524979166664,0.07525896655585107,0.02647263552748258
1992-02-01,1.440341,1.531552914583333,-0.09432937045656029,0.0031174558732272872
1992-03-01,1.5194451,1.5334801437499999,0.05574433636968086,-0.06977938011968073
1992-04-01,1.4907891,1.5353891833333333,-0.019225290004432634,-0.025374793328900684
1992-05-01,1.5291311,1.5381056208333332,0.016481935616134757,-0.025456456449467924
1992-06-01,1.4877231,1.5401273916666665,-0.044700397229609945,-0.0077038944370565465
1992-07-01,1.5355641,1.5428072874999998,0.008605612344858151,-0.01584879984485801
1992-08-01,1.494891,1.5455134770833334,0.0066809043661347186,-0.05730338144946817
1992-09-01,1.480531,1.5478171208333333,-0.06580501819592198,-0.0014811026374113162
1992-10-01,1.5786411,1.548753725,0.010366542486702117,0.019520832513297823
1992-11-01,1.5589851,1.55068768125,-0.01203830600620565,0.020335724756205657
1992-12-01,1.6258781,1.5528313083333334,0.06296008415336883,0.01008670751329778
1993-01-01,1.6131881,1.5524548104166667,0.07525896655585107,-0.014525676972517831
1993-02-01,1.4497841,1.55253283125,-0.09432937045656029,-0.008419360793439662
1993-03-01,1.5920441,1.5534298729166665,0.05574433636968086,-0.017130109286347242
1993-04-01,1.5099591,1.5547445395833333,-0.019225290004432634,-0.025560149578900508
1993-05-01,1.5351181,1.5571603958333333,0.016481935616134757,-0.03852423144946804
1993-06-01,1.4834111,1.5597793104166666,-0.044700397229609945,-0.03166781318705658
1993-07-01,1.5151591,1.5631723729166667,0.008605612344858151,-0.05661888526152484
1993-08-01,1.5335191,1.5662150812499998,0.0066809043661347186,-0.03937688561613456
1993-09-01,1.5034231,1.56843370625,-0.06580501819592198,0.0007944119459219884
1993-10-01,1.5865581,1.5688657479166666,0.010366542486702117,0.007325809596631301
1993-11-01,1.5912211,1.5698535395833333,-0.01203830600620565,0.03340586642287241
1993-12-01,1.6706541,1.570612708333333,0.06296008415336883,0.03708130751329809
1994-01-01,1.6597581,1.5705498749999998,0.07525896655585107,0.01394925844414907
1994-02-01,1.487281,1.5726360437499998,-0.09432937045656029,0.008974326706560593
1994-03-01,1.6650731,1.5749694395833334,0.05574433636968086,0.03435932404698587
1994-04-01,1.582421,1.5774101479166667,-0.019225290004432634,0.02423614208776604
1994-05-01,1.6379231,1.5796570854166665,0.016481935616134757,0.04178407896719882
1994-06-01,1.5629821,1.5818506062499997,-0.044700397229609945,0.02583189097961014
1994-07-01,1.6192911,1.5838417312499997,0.008605612344858151,0.026843756405142225
1994-08-01,1.6262781,1.5867828583333332,0.0066809043661347186,0.032814337300532015
1994-09-01,1.543971,1.5888442354166668,-0.06580501819592198,0.020931782779255212
1994-10-01,1.6037141,1.5896628395833332,0.010366542486702117,0.0036847179299645937
1994-11-01,1.648771,1.5905412979166664,-0.01203830600620565,0.0702680080895392
1994-12-01,1.7105551,1.5908036520833333,0.06296008415336883,0.05679136376329798
1995-01-01,1.6401791,1.5919127354166664,0.07525896655585107,-0.026992601972517627
1995-02-01,1.4628621,1.59316413125,-0.09432937045656029,-0.035972660793439776
1995-03-01,1.6235991,1.5949214229166664,0.05574433636968086,-0.027066659286347175
1995-04-01,1.5692751,1.5967508604166665,-0.019225290004432634,-0.008250470412233805
1995-05-01,1.6128321,1.5993277145833331,0.016481935616134757,-0.002977550199467771
1995-06-01,1.552481,1.6011535479166663,-0.044700397229609945,-0.003972150687056364
1995-07-01,1.6038191,1.6035882979166665,0.008605612344858151,-0.00837481026152467
1995-08-01,1.5928031,1.6055760458333332,0.0066809043661347186,-0.019453850199467933
1995-09-01,1.5464771,1.6074112958333333,-0.06580501819592198,0.004870822362588609
1995-10-01,1.5752361,1.6086286916666666,0.010366542486702117,-0.04375913415336875
1995-11-01,1.6209531,1.6086750666666665,-0.01203830600620565,0.024316339339539087
1995-12-01,1.6817311,1.6076747541666667,0.06296008415336883,0.011096261679964373
1996-01-01,1.6301681,1.6087279416666664,0.07525896655585107,-0.05381880822251761
1996-02-01,1.5404771,1.6094586312499999,-0.09432937045656029,0.025347839206560335
1996-03-01,1.6314481,1.6101745687499998,0.05574433636968086,-0.03447080511968055
1996-04-01,1.6079431,1.611395883333333,-0.019225290004432634,0.015772506671099536
1996-05-01,1.6369841,1.6127246541666667,0.016481935616134757,0.0077775102171986354
1996-06-01,1.5930121,1.614145675,-0.044700397229609945,0.02356682222960982
1996-07-01,1.6311381,1.615021675,0.008605612344858151,0.00751081265514195
1996-08-01,1.6360651,1.6159928416666665,0.0066809043661347186,0.013391353967198764
1996-09-01,1.5794771,1.615465614583333,-0.06580501819592198,0.029816503612589015
1996-10-01,1.6179341,1.6161948020833332,0.010366542486702117,-0.00862724457003529
1996-11-01,1.6011511,1.6149228458333331,-0.01203830600620565,-0.001733439827127422
1996-12-01,1.6384711,1.6132013666666665,0.06296008415336883,-0.03769035082003523
1997-01-01,1.6664241,1.61380640625,0.07525896655585107,-0.022641272805851043
1997-02-01,1.5098511,1.6146775937499998,-0.09432937045656029,-0.010497123293439575
1997-03-01,1.6763941,1.6155543645833332,0.05574433636968086,0.005095399046985902
1997-04-01,1.5977721,1.6160138854166666,-0.019225290004432634,0.000983504587766089
1997-05-01,1.6588071,1.6161891770833332,0.016481935616134757,0.026135987300532015
1997-06-01,1.5710511,1.6168165958333334,-0.044700397229609945,-0.0010650986037233912
1997-07-01,1.6320271,1.6173319083333333,0.008605612344858151,0.006089579321808512
1997-08-01,1.628931,1.61800445,0.0066809043661347186,0.004245645633865261
1997-09-01,1.5915151,1.6185552416666664,-0.06580501819592198,0.03876487652925563
1997-10-01,1.6449931,1.6196953875,0.010366542486702117,0.014931170013297896
1997-11-01,1.5934471,1.6193080125,-0.01203830600620565,-0.01382260649379435
1997-12-01,1.6226391,1.6185858874999999,0.06296008415336883,-0.058906871653368706
1998-01-01,1.7103111,1.6192760124999999,0.07525896655585107,0.01577612094414904
1998-02-01,1.5223541,1.6191003041666665,-0.09432937045656029,-0.0024168337101061754
1998-03-01,1.6994381,1.62004095,0.05574433636968086,0.023652813630319278
1998-04-01,1.6410441,1.6195683666666665,-0.019225290004432634,0.04070102333776616
1998-05-01,1.7017041,1.6197753874999998,0.016481935616134757,0.06544677688386535
1998-06-01,1.6311911,1.6200783458333332,-0.044700397229609945,0.05581315139627663
1998-07-01,1.6613391,1.6206916166666665,0.008605612344858151,0.0320418709884753
1998-08-01,1.6728941,1.6214637625,0.0066809043661347186,0.04474943313386531
1998-09-01,1.5186641,1.6222889708333332,-0.06580501819592198,-0.03781985263741118
1998-10-01,1.6387151,1.6240724083333333,0.010366542486702117,0.0042761491799645345
1998-11-01,1.5877171,1.6244788875,-0.01203830600620565,-0.02472348149379427
1998-12-01,1.6279241,1.6251954708333334,0.06296008415336883,-0.060231454986702224
1999-01-01,1.669221,1.6262854291666666,0.07525896655585107,-0.032323395722517634
1999-02-01,1.5046791,1.62715146875,-0.09432937045656029,-0.02814299829343972
1999-03-01,1.6656841,1.6283097604166668,0.05574433636968086,-0.01836999678634761
1999-04-01,1.5913321,1.6298102812500002,-0.019225290004432634,-0.019252891245567498
1999-05-01,1.6212461,1.6312611958333334,0.016481935616134757,-0.026497031449468134
1999-06-01,1.5825971,1.63295605,-0.044700397229609945,-0.005658552770389957
1999-07-01,1.6285541,1.6344347791666667,0.008605612344858151,-0.014486291511524942
1999-08-01,1.6250851,1.6359800104166666,0.0066809043661347186,-0.0175758147828014
1999-09-01,1.5729151,1.6373121145833334,-0.06580501819592198,0.0014080036125885126
1999-10-01,1.6299631,1.6389334895833334,0.010366542486702117,-0.01933693207003541
1999-11-01,1.6023591,1.6398719479166666,-0.01203830600620565,-0.025474541910460998
1999-12-01,1.6470691,1.6412729479166663,0.06296008415336883,-0.057163932070035214
2000-01-01,1.6632941,1.64017784375,0.07525896655585107,-0.05214271030585105
2000-02-01,1.5320431,1.6393874270833333,-0.09432937045656029,-0.013014956626772906
2000-03-01,1.6765991,1.6385333208333333,0.05574433636968086,-0.017678557203014103
2000-04-01,1.5852591,1.637732925,-0.019225290004432634,-0.03324853499556723
2000-05-01,1.6469211,1.6370303000000002,0.016481935616134757,-0.006591135616135002
2000-06-01,1.6075541,1.6365240083333334,-0.044700397229609945,0.015730488896276484
2000-07-01,1.6605751,1.636823675,0.008605612344858151,0.015145812655141786
2000-08-01,1.6731281,1.6361749875,0.0066809043661347186,0.03027220813386528
2000-09-01,1.6190871,1.6368839666666666,-0.06580501819592198,0.0480081515292554
2000-10-01,1.7035391,1.6358488812499998,0.010366542486702117,0.057323676263298026
2000-11-01,1.6206621,1.6359574645833332,-0.01203830600620565,-0.0032570585771274883
2000-12-01,1.6728671,1.6364555249999997,0.06296008415336883,-0.02654850915336858
2001-01-01,1.7187421,1.636301214583333,0.07525896655585107,0.007181918860815872
2001-02-01,1.551421,1.6364300479166665,-0.09432937045656029,0.00932032253989376
2001-03-01,1.7319921,1.6373437770833332,0.05574433636968086,0.038903986546985944
2001-04-01,1.6697971,1.6382929854166666,-0.019225290004432634,0.0507294045877661
2001-05-01,1.728451,1.63933838125,0.016481935616134757,0.07263068313386523
2001-06-01,1.6524041,1.64008788125,-0.044700397229609945,0.05701661597961005
2001-07-01,1.7030061,1.6402995479166664,0.008605612344858151,0.05410093973847549
2001-08-01,1.7031021,1.6412771729166664,0.0066809043661347186,0.055144022717198815
2001-09-01,1.6554561,1.6420673395833334,-0.06580501819592198,0.07919377861258868
2001-10-01,1.7228191,1.6428110479166667,0.010366542486702117,0.06964150959663117
2001-11-01,1.6384931,1.6426040270833333,-0.01203830600620565,0.007927378922872378
2001-12-01,1.6898871,1.6425512979166665,0.06296008415336883,-0.015624282070035397
2002-01-01,1.6577461,1.64199044375,0.07525896655585107,-0.05950331030585099
2002-02-01,1.4844141,1.64166088125,-0.09432937045656029,-0.06291741079343974
2002-03-01,1.658441,1.64104225625,0.05574433636968086,-0.038345592619680804
2002-04-01,1.6026251,1.6411872979166664,-0.019225290004432634,-0.01933690791223374
2002-05-01,1.6679781,1.6405565062499998,0.016481935616134757,0.010939658133865438
2002-06-01,1.6068891,1.6400309645833333,-0.044700397229609945,0.011558532646276709
2002-07-01,1.6757231,1.6394064645833333,0.008605612344858151,0.02771102307180848
2002-08-01,1.6417571,1.6382273187499998,0.0066809043661347186,-0.0031511231161345772
2002-09-01,1.5526951,1.6360623187499999,-0.06580501819592198,-0.01756220055407788
2002-10-01,1.589031,1.63356406875,0.010366542486702117,-0.054899611236701965
2002-11-01,1.5929291,1.6320451520833332,-0.01203830600620565,-0.02707774607712748
2002-12-01,1.651831,1.63031644375,0.06296008415336883,-0.04144552790336874
2003-01-01,1.6618141,1.6278567145833334,0.07525896655585107,-0.04130158113918447
2003-02-01,1.5108631,1.6261376541666666,-0.09432937045656029,-0.02094518371010637
2003-03-01,1.7095431,1.6245183416666666,0.05574433636968086,0.02928042196365259
2003-04-01,1.6368941,1.622709195833333,-0.019225290004432634,0.03341019417109948
2003-05-01,1.6714251,1.6204433624999999,0.016481935616134757,0.034499801883865366
2003-06-01,1.6185731,1.6189379458333333,-0.044700397229609945,0.04433555139627676
2003-07-01,1.6387141,1.6166986729166664,0.008605612344858151,0.013409814738475554
2003-08-01,1.6720111,1.6142937145833332,0.0066809043661347186,0.0510364810505321
2003-09-01,1.6108431,1.6084191104166665,-0.06580501819592198,0.06822900777925554
2003-10-01,1.6656611,1.60266644375,0.010366542486702117,0.052628113763297776
2003-11-01,1.5924221,1.59946275625,-0.01203830600620565,0.0049976497562058166
2003-12-01,1.6445381,1.5967840895833332,0.06296008415336883,-0.015206073736702116
2004-01-01,1.6363731,1.5951393604166666,0.07525896655585107,-0.03402522697251775
2004-02-01,1.5162241,1.5938386708333332,-0.09432937045656029,0.016714799623227167
2004-03-01,1.6469051,1.5925956312499998,0.05574433636968086,-0.0014348676196807714
2004-04-01,1.5922211,1.5912732979166666,-0.019225290004432634,0.02017309208776597
2004-05-01,1.6166431,1.5898469854166666,0.016481935616134757,0.010314178967198773
2004-06-01,1.5823281,1.5893242770833331,-0.044700397229609945,0.037704220146276834
2004-07-01,1.6305991,1.5881076729166665,0.008605612344858151,0.03388581473847527
2004-08-01,1.6165291,1.5877154854166666,0.0066809043661347186,0.022132710217198596
2004-09-01,1.5151671,1.588390839583333,-0.06580501819592198,-0.0074187213874110786
2004-10-01,1.5836231,1.5894922583333333,0.010366542486702117,-0.01623570082003535
2004-11-01,1.5477541,1.5892861125,-0.01203830600620565,-0.0294937064937944
2004-12-01,1.5898891,1.5892767812499997,0.06296008415336883,-0.0623477654033686
2005-01-01,1.6006751,1.5883829895833332,0.07525896655585107,-0.0629668561391844
2005-02-01,1.4689061,1.587796802083333,-0.09432937045656029,-0.02456133162677268
2005-03-01,1.6542651,1.5869419458333334,0.05574433636968086,0.011578817796985705
2005-04-01,1.5829581,1.5860408395833332,-0.019225290004432634,0.016142550421099362
2005-05-01,1.619691,1.5863771729166665,0.016481935616134757,0.016831891467198767
2005-06-01,1.5801441,1.5866699020833333,-0.044700397229609945,0.038174595146276746
2005-07-01,1.595521,1.5872935270833333,0.008605612344858151,-0.0003781394281914506
2005-08-01,1.5876641,1.58741806875,0.0066809043661347186,-0.006434873116134607
2005-09-01,1.3734751,1.58804081875,-0.06580501819592198,-0.14876070055407786
2005-10-01,1.4466911,1.5887181520833331,0.010366542486702117,-0.15239359457003523
2005-11-01,1.4847161,1.5904914645833332,-0.01203830600620565,-0.09373705857712761
2005-12-01,1.5613111,1.5924626104166664,0.06296008415336883,-0.09411159457003525
2006-01-01,1.5787991,1.5944388187499998,0.07525896655585107,-0.09089868530585099
2006-02-01,1.421981,1.5968884020833332,-0.09432937045656029,-0.08057803162677293
2006-03-01,1.5987751,1.5994343375,0.05574433636968086,-0.05640357386968094
2006-04-01,1.5391531,1.6018151916666667,-0.019225290004432634,-0.04343680166223406
2006-05-01,1.5995151,1.6048657958333332,0.016481935616134757,-0.0218326314494679
2006-06-01,1.5817991,1.6078770458333334,-0.044700397229609945,0.018622451396276607
2006-07-01,1.6173261,1.6117565875,0.008605612344858151,-0.003036099844858
2006-08-01,1.6229321,1.6153912958333332,0.0066809043661347186,0.000859899800532196
2006-09-01,1.5851121,1.6156755666666665,-0.06580501819592198,0.03524155152925544
2006-10-01,1.6418991,1.6185220249999999,0.010366542486702117,0.013010532513298074
2006-11-01,1.5830341,1.62219115,-0.01203830600620565,-0.027118743993794155
2006-12-01,1.6513831,1.6263925874999998,0.06296008415336883,-0.03796957165336855
2007-01-01,1.6189121,1.6310979187499999,0.07525896655585107,-0.08744478530585098
2007-02-01,1.4827261,1.6351805645833333,-0.09432937045656029,-0.05812509412677294
2007-03-01,1.66851,1.6388627729166667,0.05574433636968086,-0.026097109286347633
2007-04-01,1.593641,1.6421625645833333,-0.019225290004432634,-0.029296274578900598
2007-05-01,1.6875691,1.6459196479166667,0.016481935616134757,0.025167516467198503
2007-06-01,1.6326241,1.6494562520833331,-0.044700397229609945,0.027868245146276727
2007-07-01,1.6686481,1.6534009208333331,0.008605612344858151,0.0066415668218086955
2007-08-01,1.6779891,1.6578039812499998,0.0066809043661347186,0.013504214383865457
2007-09-01,1.6407351,1.6644659791666667,-0.06580501819592198,0.04207413902925515
2007-10-01,1.6981731,1.6712491458333332,0.010366542486702117,0.016557411679964704
2007-11-01,1.6775411,1.6760725208333331,-0.01203830600620565,0.013506885172872522
2007-12-01,1.7391531,1.6802142083333331,0.06296008415336883,-0.004021192486701949
2008-01-01,1.7312311,1.6843473729166667,0.07525896655585107,-0.028375239472517744
2008-02-01,1.6338041,1.6888801041666666,-0.09432937045656029,0.039253366289893815
2008-03-01,1.76911,1.6934165833333332,0.05574433636968086,0.019949080296985874
2008-04-01,1.7065021,1.6981558541666666,-0.019225290004432634,0.027571535837766066
2008-05-01,1.7630721,1.7031225833333332,0.016481935616134757,0.043467581050532056
2008-06-01,1.7268681,1.7067537708333331,-0.044700397229609945,0.06481472639627672
2008-07-01,1.8168171,1.7115444166666665,0.008605612344858151,0.09666707098847535
2008-08-01,1.7909951,1.7166630416666666,0.0066809043661347186,0.06765115396719862
2008-09-01,1.5288121,1.721413520833333,-0.06580501819592198,-0.1267964026374111
2008-10-01,1.7202531,1.7269106874999998,0.010366542486702117,-0.01702412998670179
2008-11-01,1.7238721,1.7323462499999998,-0.01203830600620565,0.003564156006205802
2008-12-01,1.7915581,1.738215395833333,0.06296008415336883,-0.009617379986701854
2009-01-01,1.826531,1.7441026249999998,0.07525896655585107,0.007169408444149039
2009-02-01,1.6648731,1.7482868125,-0.09432937045656029,0.010915657956560437
2009-03-01,1.8310111,1.7541475229166665,0.05574433636968086,0.021119240713652607
2009-04-01,1.7413481,1.7607258583333332,-0.019225290004432634,-0.0001524683289005832
2009-05-01,1.800031,1.7667643583333332,0.016481935616134757,0.01678470605053195
2009-06-01,1.7499011,1.7724008374999998,-0.044700397229609945,0.02220065972961016
2009-07-01,1.7848651,1.778876108333333,0.008605612344858151,-0.0026166206781912636
2009-08-01,1.799011,1.7856400479166665,0.0066809043661347186,0.006690047717198669
2009-09-01,1.693251,1.7917705270833333,-0.06580501819592198,-0.032714508887411245
2009-10-01,1.7722831,1.7993741333333333,0.010366542486702117,-0.03745757582003552
2009-11-01,1.7162381,1.80654371875,-0.01203830600620565,-0.07826731274379434
2009-12-01,1.7601121,1.8136216166666665,0.06296008415336883,-0.11646960082003542
2010-01-01,1.777191,1.8212080354166664,0.07525896655585107,-0.11927600197251753
2010-02-01,1.6395521,1.8272091604166665,-0.09432937045656029,-0.09332768996010624
2010-03-01,1.8165261,1.8333168520833332,0.05574433636968086,-0.07253508845301411
2010-04-01,1.7666381,1.83922470625,-0.019225290004432634,-0.053361316245567385
2010-05-01,1.8379181,1.8455124166666665,0.016481935616134757,-0.024076252282801303
2010-06-01,1.7560961,1.8509025208333334,-0.044700397229609945,-0.050106023603723515
2010-07-01,1.8472771,1.8569023145833334,0.008605612344858151,-0.018230826928191692
2010-08-01,1.8686261,1.8632242541666666,0.0066809043661347186,-0.0012790585328013556
2010-09-01,1.8131351,1.8738432770833333,-0.06580501819592198,0.005096841112588665
2010-10-01,1.9057631,1.8819844041666667,0.010366542486702117,0.013412153346631135
2010-11-01,1.8439411,1.8886926354166667,-0.01203830600620565,-0.0327132294104609
2010-12-01,1.9331021,1.8950210541666666,0.06296008415336883,-0.02487903832003545
2011-01-01,1.9014991,1.9002523500000001,0.07525896655585107,-0.0740122165558511
2011-02-01,1.6835671,1.90477668125,-0.09432937045656029,-0.1268802107934396
2011-03-01,1.9498241,1.9099238708333333,0.05574433636968086,-0.01584410720301406
2011-04-01,1.9094011,1.9160833729166666,-0.019225290004432634,0.012543017087765958
2011-05-01,1.9774171,1.9222850854166667,0.016481935616134757,0.03865007896719863
2011-06-01,1.9031751,1.92805915,-0.044700397229609945,0.0198163472296099
2011-07-01,1.9794611,1.9353741729166667,0.008605612344858151,0.03548131473847513
2011-08-01,2.0026582,1.94229871875,0.0066809043661347186,0.05367857688386518
2011-09-01,1.9349981,1.94988249375,-0.06580501819592198,0.050920624445922144
2011-10-01,2.0631462,1.9573825583333333,0.010366542486702117,0.0953970991799644
2011-11-01,2.0216812,1.9650576395833332,-0.01203830600620565,0.06866186642287259
2011-12-01,2.0788922,1.9725131833333331,0.06296008415336883,0.043418932513297884
2012-01-01,2.0953792,1.9799977874999999,0.07525896655585107,0.04012244594414904
2012-02-01,1.9218581,1.986994475,-0.09432937045656029,0.02919299545656026
2012-03-01,2.0622792,1.9950429770833331,0.05574433636968086,0.011491886546985894
2012-04-01,1.9900791,2.0037368958333333,-0.019225290004432634,0.00556749417109937
2012-05-01,2.0648822,2.012208564583333,0.016481935616134757,0.03619169980053205
2012-06-01,1.9855931,2.0211100666666666,-0.044700397229609945,0.009183430562943351
2012-07-01,2.1048072,2.030627652083333,0.008605612344858151,0.06557393557180899
2012-08-01,2.0944482,2.0399618625000002,0.0066809043661347186,0.04780543313386504
2012-09-01,2.0385252,2.048878697916667,-0.06580501819592198,0.05545152027925514
2012-10-01,2.1110272,2.0579007000000002,0.010366542486702117,0.04275995751329774
2012-11-01,2.0458672,2.066337177083333,-0.01203830600620565,-0.008431671077127553
2012-12-01,2.0953222,2.074853033333333,0.06296008415336883,-0.04249091748670185
2013-01-01,2.0776332,2.0844266604166664,0.07525896655585107,-0.08205242697251725
2013-02-01,1.882041,2.0940011416666664,-0.09432937045656029,-0.11763077121010604
2013-03-01,2.0780762,2.1030306854166665,0.05574433636968086,-0.08069882178634742
2013-04-01,2.0370042,2.1119943541666664,-0.019225290004432634,-0.05576486416223358
2013-05-01,2.0977132,2.1204407937499994,0.016481935616134757,-0.03920952936613431
2013-06-01,2.0270562,2.128720795833333,-0.044700397229609945,-0.056964198603722926
2013-07-01,2.1359862,2.1371660895833333,0.008605612344858151,-0.009785501928191411
2013-08-01,2.1313892,2.145184652083333,0.0066809043661347186,-0.02047635644946771
2013-09-01,2.0572722,2.153312070833333,-0.06580501819592198,-0.030234852637411228
2013-10-01,2.1322862,2.1600197999999997,0.010366542486702117,-0.03810014248670203
2013-11-01,2.084642,2.165786633333333,-0.01203830600620565,-0.06910632732712735
2013-12-01,2.1179782,2.1719606124999995,0.06296008415336883,-0.1169424966533683
2014-01-01,2.136452,2.1775717374999997,0.07525896655585107,-0.11637870405585093
2014-02-01,1.9753931,2.1842722395833327,-0.09432937045656029,-0.11454976912677242
2014-03-01,2.2028542,2.1907064687499997,0.05574433636968086,-0.04359660511968062
2014-04-01,2.1839462,2.1970180125,-0.019225290004432634,0.00615347750443241
2014-05-01,2.2445582,2.2028012625,0.016481935616134757,0.025275001883865444
2014-06-01,2.1833682,2.208209702083333,-0.044700397229609945,0.019858895146276923
2014-07-01,2.3041212,2.213089177083333,0.008605612344858151,0.08242641057180886
2014-08-01,2.3166682,2.217798010416667,0.0066809043661347186,0.09218928521719855
2014-09-01,2.2411432,2.221802552083333,-0.06580501819592198,0.08514566611258866
2014-10-01,2.3388192,2.225657572916666,0.010366542486702117,0.10279508459663188
2014-11-01,2.248892,2.229713322916666,-0.01203830600620565,0.031216983089539633
2014-12-01,2.3418632,2.233751427083333,0.06296008415336883,0.04515168876329835
2015-01-01,2.3610332,2.237679802083333,0.07525896655585107,0.048094431360815926
2015-02-01,2.1431422,2.241710514583333,-0.09432937045656029,-0.004238944126772642
2015-03-01,2.3832422,2.2473726604166666,0.05574433636968086,0.08012520321365273
2015-04-01,2.3396572,2.2523694729166666,-0.019225290004432634,0.10651301708776606
2015-05-01,2.3828462,2.2576818687499998,0.016481935616134757,0.10868239563386539
2015-06-01,2.3006152,2.263344952083333,-0.044700397229609945,0.08197064514627705
2015-07-01,2.3848352,2.2688454937499998,0.008605612344858151,0.107384093905142
2015-08-01,2.3875492,2.2744137020833333,0.0066809043661347186,0.10645459355053205
2015-09-01,2.3251142,2.28075980625,-0.06580501819592198,0.11015941194592192
2015-10-01,2.3851172,2.2880867854166667,0.010366542486702117,0.08666387209663105
2015-11-01,2.2984892,2.2962956854166663,-0.01203830600620565,0.014231820589539482
2015-12-01,2.3752432,2.305215164583333,0.06296008415336883,0.007067951263297859
2016-01-01,2.3647132,2.31339204375,0.07525896655585107,-0.02393781030585085
2016-02-01,2.2434822,2.320820045833333,-0.09432937045656029,0.016991524623227144
2016-03-01,2.3711222,2.3293420874999997,0.05574433636968086,-0.013964223869680728
2016-04-01,2.2930332,2.3364133166666665,-0.019225290004432634,-0.02415482666223389
2016-05-01,2.3424782,2.3445987541666664,0.016481935616134757,-0.018602489782801213
2016-06-01,2.2451982,2.3525555875,-0.044700397229609945,-0.06265699027039007
2016-07-01,2.339022,2.360878479166667,0.008605612344858151,-0.030462091511525038
2016-08-01,2.3204722,2.3700755625,0.0066809043661347186,-0.05628426686613436
2016-09-01,2.2307432,2.379904708333333,-0.06580501819592198,-0.0833564901374111
2016-10-01,2.2960682,2.3903235208333333,0.010366542486702117,-0.10462186332003533
2016-11-01,2.2405432,2.4017072541666664,-0.01203830600620565,-0.14912574816046092
2016-12-01,2.2891512,2.4128003999999996,0.06296008415336883,-0.18660928415336842
2017-01-01,2.2661952,2.423445733333333,0.07525896655585107,-0.232509499889184
2017-02-01,2.0755152,2.4332083166666667,-0.09432937045656029,-0.2633637462101065
2017-03-01,2.3498592,2.4440743791666666,0.05574433636968086,-0.1499595155363474
2017-04-01,2.2768512,2.454179775,-0.019225290004432634,-0.15810328499556758
2017-05-01,2.3527082,2.4658110874999997,0.016481935616134757,-0.1295848231161345
2017-06-01,2.2988842,2.477342525,-0.044700397229609945,-0.1337579277703903
2017-07-01,2.4000122,2.4894403166666663,0.008605612344858151,-0.09803372901152455
2017-08-01,2.3986632,2.50298375625,0.0066809043661347186,-0.11100146061613453
2017-09-01,2.3618852,2.5160207770833334,-0.06580501819592198,-0.08833055888741127
2017-10-01,2.4839812,2.5304146958333336,0.010366542486702117,-0.056800038320035565
2017-11-01,2.4786692,2.5455629895833334,-0.01203830600620565,-0.054855483577127606
2017-12-01,2.5461132,2.5611400333333334,0.06296008415336883,-0.07798691748670204
2018-01-01,2.5289422,2.5770863479166666,0.07525896655585107,-0.12340311447251773
2018-02-01,2.3319372,2.5901788270833332,-0.09432937045656029,-0.16391225662677292
2018-03-01,2.6119122,2.6045732875,0.05574433636968086,-0.04840542386968101
2018-04-01,2.5233652,2.6183896625,-0.019225290004432634,-0.075799172495567
2018-05-01,2.6374592,2.628434058333333,0.016481935616134757,-0.007456793949468077
2018-06-01,2.5652962,2.640250225,-0.044700397229609945,-0.030253627770389868
2018-07-01,2.70362,2.652026041666667,0.008605612344858151,0.04298834598847498
2018-08-01,2.7581282,2.6642215416666666,0.0066809043661347186,0.0872257539671985
2018-09-01,2.7129422,2.6769170625,-0.06580501819592198,0.10183015569592223
2018-10-01,2.8389222,2.6891621416666665,0.010366542486702117,0.13939351584663126
2018-11-01,2.7953112,2.7024353708333333,-0.01203830600620565,0.10491413517287235
2018-12-01,2.8743342,2.7171007874999997,0.06296008415336883,0.09427332834663128
2019-01-01,2.8720092,2.7319350958333333,0.07525896655585107,0.06481513761081559
2019-02-01,2.6117462,2.7405854916666668,-0.09432937045656029,-0.03450992121010668
2019-03-01,2.9048132,2.754285847916666,0.05574433636968086,0.09478301571365304
2019-04-01,2.8247162,2.7679607229166665,-0.019225290004432634,0.07598076708776624
2019-05-01,2.9411492,2.7820416208333327,0.016481935616134757,0.14262564355053242
2019-06-01,2.8541242,2.7949897874999996,-0.044700397229609945,0.10383480972961012
2019-07-01,2.9655292,2.8084532479166664,0.008605612344858151,0.14847033973847565
2019-08-01,3.0376343,2.8221328541666666,0.0066809043661347186,0.2088205414671988
2019-09-01,2.9508912,2.8349435625,-0.06580501819592198,0.18175265569592214
2019-10-01,3.0760253,2.8482954749999996,0.010366542486702117,0.21736328251329826
2019-11-01,3.0256073,2.860368997916667,-0.01203830600620565,0.17727660808953866
2019-12-01,3.1229413,2.8737159791666667,0.06296008415336883,0.18626523667996442
2020-01-01,3.1301363,2.88541110625,0.07525896655585107,0.16946622719414928
2020-02-01,2.8719212,2.8948268979166665,-0.09432937045656029,0.07142367253989387
2020-03-01,3.0620563,2.9057325041666666,0.05574433636968086,0.10057945946365258
2020-04-01,2.9562192,2.916826464583333,-0.019225290004432634,0.058618025421099625
2020-05-01,2.8246092,2.9281866125000002,0.016481935616134757,-0.12005934811613517
2020-06-01,2.8123742,2.93906584375,-0.044700397229609945,-0.08199124652039014
2020-07-01,2.9042612,2.949904058333333,0.008605612344858151,-0.05424847067819097
2020-08-01,2.9058562,2.95995108125,0.0066809043661347186,-0.06077578561613445
2020-09-01,2.8401282,2.9697062916666668,-0.06580501819592198,-0.06377307347074469
2020-10-01,2.883832,2.9789727520833336,0.010366542486702117,-0.10550729457003573
2020-11-01,2.8776582,2.9869355041666665,-0.01203830600620565,-0.09723899816046094
2020-12-01,2.9930912,2.9941236104166666,0.06296008415336883,-0.06399249457003563
2021-01-01,2.978242,3.0024709812499997,0.07525896655585107,-0.09948794780585091
2021-02-01,2.4907342,3.0096925020833334,-0.09432937045656029,-0.4246289316267732
2021-03-01,3.0074763,3.018008983333333,0.05574433636968086,-0.06627701970301388
2021-04-01,2.9332452,3.0256237354166666,-0.019225290004432634,-0.073153245412234
2021-05-01,3.0285913,3.0336428625,0.016481935616134757,-0.021533498116134586
2021-06-01,2.9203962,3.0410364479166665,-0.044700397229609945,-0.07593985068705666
2021-07-01,3.0462583,3.0484271791666666,0.008605612344858151,-0.0107744915115249
2021-08-01,3.0552843,3.0550727416666668,0.0066809043661347186,-0.006469346032801635
2021-09-01,2.9767992,3.0612511812499994,-0.06580501819592198,-0.01864696305407755
2021-10-01,3.124873,3.066990577083333,0.010366542486702117,0.047515880429965116
2021-11-01,3.0581983,3.0725587854166663,-0.01203830600620565,-0.0023221794104606973
2021-12-01,3.1867683,,0.06296008415336883,
2022-01-01,3.0903083,,0.07525896655585107,
2022-02-01,2.7838952,,-0.09432937045656029,
2022-03-01,3.1353813,,0.05574433636968086,
2022-04-01,3.0558753,,-0.019225290004432634,
2022-05-01,3.1827463,,0.016481935616134757,
2022-06-01,3.0874993,,-0.044700397229609945,
2022-07-01,3.2238543,,0.008605612344858151,
2022-08-01,3.2403853,,0.0066809043661347186,
2022-09-01,3.1811923,,-0.06580501819592198,
2022-10-01,3.2837123,,0.010366542486702117,
2022-11-01,3.1775233,,-0.01203830600620565,
2022-12-01,3.2193633,,0.06296008415336883,
2023-01-01,3.272683,,0.07525896655585107,
2023-02-01,2.9583792,,-0.09432937045656029,
2023-03-01,3.3040043,,0.05574433636968086,
2023-04-01,3.1902243,,-0.019225290004432634,
2023-05-01,3.3260673,,0.016481935616134757,
2023-06-01,3.2090163,,-0.044700397229609945,
2023-07-01,3.3202843,,0.008605612344858151,
2023-08-01,3.3566213,,0.0066809043661347186,
2023-09-01,3.2474563,,-0.06580501819592198,
2023-10-01,3.3515163,,0.010366542486702117,
2023-11-01,3.2928813,,-0.01203830600620565,
